RuleVectorID,RuleVector,NumAttractors,NumFixedPointAttractors,NumCyclicAttractors,AvgCycleLength,MaxCycleLength,MaxChainLength,PointAttractorDensity,Reversible,ImpurityCells,ImpurityPercent,MACA_or_not
HybridRV_200,15-105-235-204-204-29-204-204,36,8,28,1.77778,2,3,3.125,0,4,50,0
HybridRV_0,130-219-204-204-204-86-80-204,56,0,56,3.42857,6,2,0,0,4,50,0
HybridRV_100,204-125-204-36-204-204-40-204,92,32,60,1.65217,2,1,12.5,0,3,37.5,0
HybridRV_201,204-204-135-204-204-175-235-204,76,40,36,1.78947,6,2,15.625,0,3,37.5,0
HybridRV_400,180-204-204-166-204-204-166-6,52,36,16,1.30769,2,3,14.0625,0,4,50,0
HybridRV_300,204-204-204-139-71-204-204-204,96,48,48,1.83333,3,2,18.75,0,2,25,0
HybridRV_500,184-255-195-219-219-204-204-36,44,36,8,1.18182,2,3,14.0625,0,6,75,0
HybridRV_600,204-204-250-166-154-204-40-71,36,8,28,2.33333,4,4,3.125,0,5,62.5,0
HybridRV_900,204-204-250-204-204-204-166-235,80,32,48,2.2,3,2,12.5,0,3,37.5,0
HybridRV_800,129-90-66-204-204-126-204-204,54,8,46,2.81481,6,3,3.125,0,4,50,0
HybridRV_700,144-46-204-204-15-204-130-204,36,24,12,1.33333,2,2,9.375,0,4,50,0
HybridRV_1,204-204-204-170-169-166-204-210,56,16,40,2.14286,3,4,6.25,0,4,50,0
HybridRV_101,231-184-204-154-116-204-204-204,72,0,72,4.16667,6,2,0,0,4,50,0
HybridRV_202,125-15-204-204-90-189-135-204,30,20,10,1.66667,3,5,7.8125,0,5,62.5,0
HybridRV_401,204-204-204-5-204-150-101-204,72,32,40,1.88889,3,3,12.5,0,3,37.5,0
HybridRV_301,60-20-166-204-75-204-86-106,49,4,45,2.18367,3,3,1.5625,0,6,75,0
HybridRV_501,105-89-226-160-204-130-144-204,23,10,13,1.95652,3,5,3.90625,0,6,75,0
HybridRV_601,159-204-189-189-46-210-204-184,32,1,31,4.5,6,5,0.390625,0,6,75,0
HybridRV_901,111-249-5-204-204-204-105-85,16,8,8,1.5,2,3,3.125,0,5,62.5,0
HybridRV_801,231-204-144-204-101-204-204-204,88,16,72,1.81818,2,1,6.25,0,3,37.5,0
HybridRV_701,204-189-204-116-36-204-219-204,64,9,55,2.21875,3,3,3.51562,0,4,50,0
HybridRV_2,204-204-9-65-95-235-246-204,30,10,20,1.66667,2,4,3.90625,0,5,62.5,0
HybridRV_102,204-204-246-204-130-204-204-129,92,12,80,1.86957,2,1,4.6875,0,3,37.5,0
HybridRV_203,204-204-225-204-204-24-204-75,120,48,72,1.6,2,1,18.75,0,3,37.5,0
HybridRV_402,66-204-226-101-170-204-5-204,30,2,28,1.93333,2,3,0.78125,0,5,62.5,0
HybridRV_302,150-204-15-139-209-215-204-10,24,8,16,1.91667,3,6,3.125,0,6,75,0
HybridRV_502,255-226-190-204-30-204-46-105,26,4,22,3,6,2,1.5625,0,6,75,0
HybridRV_602,204-184-255-160-204-204-160-204,24,24,0,1,1,2,9.375,0,4,50,1
HybridRV_902,209-36-101-204-160-204-169-105,30,2,28,3.33333,6,3,0.78125,0,6,75,0
HybridRV_802,204-204-249-204-204-135-219-204,102,32,70,2,6,2,12.5,0,3,37.5,0
HybridRV_702,204-204-149-9-126-170-65-195,26,2,24,4,6,6,0.78125,0,6,75,0
HybridRV_3,29-204-40-204-210-204-204-204,92,36,56,1.6087,2,1,14.0625,0,3,37.5,0
HybridRV_103,235-149-106-204-204-85-120-235,62,2,60,5.80645,12,3,0.78125,0,6,75,0
HybridRV_204,89-184-204-204-169-204-204-204,96,32,64,2.58333,6,2,12.5,0,3,37.5,0
HybridRV_403,45-204-165-180-204-204-130-204,112,28,84,2.71429,6,1,10.9375,0,4,50,0
HybridRV_303,225-204-60-120-204-36-204-195,92,0,92,2.52174,4,1,0,0,5,62.5,0
HybridRV_503,204-80-204-153-85-204-40-219,40,8,32,1.8,2,1,3.125,0,5,62.5,0
HybridRV_603,204-204-30-45-204-204-204-204,112,64,48,1.42857,2,3,25,0,2,25,0
HybridRV_903,204-204-204-10-204-204-226-65,80,32,48,2.2,3,2,12.5,0,3,37.5,0
HybridRV_803,225-204-204-159-66-189-106-204,35,3,32,3,6,7,1.17188,0,5,62.5,0
HybridRV_703,204-125-204-71-60-204-204-126,80,24,56,2.15,3,2,9.375,0,4,50,0
HybridRV_4,204-89-10-204-149-204-204-175,76,16,60,2.57895,6,2,6.25,0,4,50,0
HybridRV_104,86-204-204-204-204-46-154-175,92,8,84,3.82609,6,3,3.125,0,4,50,0
HybridRV_205,204-204-85-29-204-204-204-204,160,96,64,1.4,2,2,37.5,0,2,25,0
HybridRV_404,204-204-210-75-46-204-175-116,22,10,12,1.81818,3,5,3.90625,0,5,62.5,0
HybridRV_304,204-204-30-204-204-29-139-204,72,40,32,1.44444,2,3,15.625,0,3,37.5,0
HybridRV_504,204-226-231-210-204-24-204-40,30,8,22,2.53333,4,3,3.125,0,5,62.5,0
HybridRV_604,204-184-204-189-204-9-204-204,92,24,68,1.73913,2,1,9.375,0,3,37.5,0
HybridRV_904,204-102-66-204-36-71-9-46,36,12,24,1.66667,2,5,4.6875,0,6,75,0
HybridRV_804,204-204-90-204-204-204-204-255,64,64,0,1,1,1,25,0,2,25,1
HybridRV_704,204-204-204-204-204-250-204-5,64,64,0,1,1,1,25,0,2,25,1
HybridRV_5,204-204-204-204-86-204-204-175,96,64,32,1.33333,2,1,25,0,2,25,0
HybridRV_105,46-204-204-180-235-60-226-85,19,0,19,2.47368,3,4,0,0,6,75,0
HybridRV_206,45-30-245-175-204-204-204-204,48,24,24,2,3,6,9.375,0,4,50,0
HybridRV_405,204-250-204-204-204-60-210-120,64,16,48,2.75,4,3,6.25,0,4,50,0
HybridRV_305,204-24-169-180-204-204-204-204,80,32,48,2.6,4,5,12.5,0,3,37.5,0
HybridRV_505,204-204-130-204-66-204-204-204,128,64,64,1.5,2,1,25,0,2,25,0
HybridRV_605,204-204-204-209-204-9-204-102,112,64,48,1.42857,2,1,25,0,3,37.5,0
HybridRV_905,204-204-255-204-71-204-204-204,96,64,32,1.33333,2,1,25,0,2,25,0
HybridRV_805,204-204-204-180-204-204-231-20,120,16,104,2.6,6,1,6.25,0,3,37.5,0
HybridRV_705,204-204-166-204-20-204-85-204,72,40,32,1.44444,2,1,15.625,0,3,37.5,0
HybridRV_6,5-204-154-204-66-204-204-204,72,40,32,1.44444,2,1,15.625,0,3,37.5,0
HybridRV_106,86-154-204-204-101-204-154-215,36,10,26,1.72222,2,3,3.90625,0,5,62.5,0
HybridRV_207,204-10-29-89-65-15-20-204,27,7,20,2.92593,4,9,2.73438,0,6,75,0
HybridRV_406,204-30-85-204-5-204-225-204,36,16,20,1.55556,2,2,6.25,0,4,50,0
HybridRV_306,204-204-204-45-204-45-204-175,72,32,40,1.55556,2,1,12.5,0,3,37.5,0
HybridRV_506,204-204-85-204-215-80-204-190,48,8,40,2.33333,3,3,3.125,0,4,50,0
HybridRV_606,204-65-204-240-204-204-204-204,96,64,32,1.33333,2,1,25,0,2,25,0
HybridRV_906,24-129-245-231-204-75-60-204,38,4,34,2.78947,3,3,1.5625,0,6,75,0
HybridRV_806,204-116-80-65-204-245-153-101,18,2,16,2.55556,3,4,0.78125,0,6,75,0
HybridRV_706,204-204-246-204-204-204-169-6,92,32,60,1.65217,2,3,12.5,0,3,37.5,0
HybridRV_7,231-204-29-204-129-150-204-204,64,14,50,2.375,6,3,5.46875,0,4,50,0
HybridRV_107,159-30-226-204-204-190-204-130,30,0,30,3.2,6,3,0,0,5,62.5,0
HybridRV_208,175-153-204-204-86-250-204-215,44,4,40,3.31818,6,2,1.5625,0,5,62.5,0
HybridRV_407,159-89-204-204-20-105-180-210,20,6,14,2.8,4,6,2.34375,0,6,75,0
HybridRV_307,204-29-129-204-204-250-75-204,57,12,45,2.96491,6,3,4.6875,0,4,50,0
HybridRV_507,204-204-139-204-10-204-204-116,72,48,24,1.33333,2,1,18.75,0,3,37.5,0
HybridRV_607,204-0-204-153-204-204-204-204,128,64,64,1.5,2,1,25,0,2,25,0
HybridRV_907,204-125-36-219-225-204-204-204,40,0,40,2.8,3,4,0,0,4,50,0
HybridRV_807,204-153-204-90-149-204-204-204,104,32,72,2.30769,6,3,12.5,0,3,37.5,0
HybridRV_707,204-204-190-165-204-204-204-204,112,64,48,1.71429,3,3,25,0,2,25,0
HybridRV_8,204-255-204-204-204-204-190-204,96,64,32,1.33333,2,1,25,0,2,25,0
HybridRV_108,204-204-101-204-204-204-204-139,112,32,80,1.71429,2,1,12.5,0,2,25,0
HybridRV_209,204-204-154-29-66-125-204-204,36,12,24,2.33333,3,6,4.6875,0,4,50,0
HybridRV_408,204-255-175-204-204-246-204-204,48,32,16,1.33333,2,2,12.5,0,3,37.5,0
HybridRV_308,153-129-116-204-204-204-170-169,60,0,60,4.2,6,3,0,0,5,62.5,0
HybridRV_508,225-204-204-66-226-204-210-250,38,3,35,1.92105,2,3,1.17188,0,5,62.5,0
HybridRV_608,169-204-170-225-105-204-190-209,80,6,74,4.9,10,3,2.34375,0,6,75,0
HybridRV_908,204-9-204-204-245-204-96-204,72,32,40,1.55556,2,1,12.5,0,3,37.5,0
HybridRV_808,204-166-15-65-204-160-246-71,80,2,78,4.25,6,2,0.78125,0,6,75,0
HybridRV_708,250-204-89-5-154-204-89-204,26,8,18,2.84615,6,5,3.125,0,5,62.5,0
HybridRV_9,204-204-204-204-5-204-130-204,96,64,32,1.33333,2,1,25,0,2,25,0
HybridRV_109,204-135-204-204-204-116-85-204,62,32,30,1.48387,2,2,12.5,0,3,37.5,0
HybridRV_210,204-204-80-153-159-189-204-204,64,16,48,2.75,4,5,6.25,0,4,50,0
HybridRV_409,204-204-0-204-204-204-71-209,80,0,80,2.6,3,2,0,0,3,37.5,0
HybridRV_309,204-175-204-204-204-204-204-60,128,64,64,1.5,2,1,25,0,2,25,0
HybridRV_509,125-126-204-204-175-215-245-245,10,6,4,1.4,2,5,2.34375,0,6,75,0
HybridRV_609,36-204-255-204-215-95-225-5,24,3,21,3.25,4,4,1.17188,0,6,75,0
HybridRV_909,204-215-204-169-96-160-204-204,58,16,42,1.72414,2,5,6.25,0,4,50,0
HybridRV_809,149-204-111-195-139-10-180-204,16,3,13,2,3,7,1.17188,0,6,75,0
HybridRV_709,129-149-204-36-204-20-204-60,78,8,70,1.89744,2,2,3.125,0,5,62.5,0
HybridRV_10,102-204-204-204-204-80-255-204,64,32,32,1.5,2,2,12.5,0,3,37.5,0
HybridRV_110,204-24-139-75-204-204-111-106,34,12,22,2.29412,3,5,4.6875,0,5,62.5,0
HybridRV_211,204-250-204-204-204-189-204-204,96,64,32,1.33333,2,1,25,0,2,25,0
HybridRV_410,225-204-204-204-204-204-175-204,96,32,64,1.66667,2,1,12.5,0,2,25,0
HybridRV_310,204-204-249-204-204-135-116-204,86,32,54,2.13953,6,3,12.5,0,3,37.5,0
HybridRV_510,86-65-204-204-204-204-204-204,96,96,0,1,1,2,37.5,0,2,25,1
HybridRV_610,130-204-204-226-204-170-204-204,72,16,56,1.77778,2,1,6.25,0,3,37.5,0
HybridRV_910,204-71-204-204-204-46-204-204,120,64,56,1.46667,2,1,25,0,2,25,0
HybridRV_810,204-209-204-204-204-111-204-90,72,32,40,1.55556,2,1,12.5,0,3,37.5,0
HybridRV_710,46-15-204-80-204-66-204-204,24,16,8,1.33333,2,3,6.25,0,4,50,0
HybridRV_11,60-204-169-204-204-204-204-204,160,128,32,1.2,2,1,50,0,2,25,0
HybridRV_111,204-175-20-204-204-204-204-204,96,48,48,1.66667,3,2,18.75,0,2,25,0
HybridRV_212,180-85-204-149-204-106-170-96,28,12,16,1.57143,2,3,4.6875,0,6,75,0
HybridRV_411,204-169-89-40-101-149-204-90,9,3,6,1.66667,2,10,1.17188,0,6,75,0
HybridRV_311,166-204-204-204-204-204-153-204,160,64,96,1.6,2,0,25,1,2,25,0
HybridRV_511,204-204-190-0-150-204-144-204,78,16,62,1.79487,2,1,6.25,0,4,50,0
HybridRV_611,144-204-165-204-160-204-204-160,16,16,0,1,1,1,6.25,0,4,50,1
HybridRV_911,184-204-154-204-204-5-204-106,60,36,24,1.4,2,1,14.0625,0,4,50,0
HybridRV_811,149-159-204-245-130-204-246-204,52,16,36,2.73077,6,2,6.25,0,5,62.5,0
HybridRV_711,6-215-204-204-204-204-149-210,96,4,92,4.08333,6,2,1.5625,0,4,50,0
HybridRV_12,215-106-204-190-204-249-204-249,41,5,36,1.87805,2,2,1.95312,0,5,62.5,0
HybridRV_112,204-116-80-30-204-65-170-215,10,7,3,1.6,3,5,2.73438,0,6,75,0
HybridRV_213,150-90-204-102-204-105-204-75,80,16,64,3.2,6,0,6.25,1,5,62.5,0
HybridRV_412,215-204-159-30-95-90-204-36,23,3,20,3.26087,6,5,1.17188,0,6,75,0
HybridRV_312,204-204-204-226-150-204-204-204,128,64,64,1.75,3,3,25,0,2,25,0
HybridRV_512,204-204-204-180-204-102-189-165,72,16,56,3,6,3,6.25,0,4,50,0
HybridRV_612,249-204-204-204-46-204-204-129,112,16,96,1.85714,2,1,6.25,0,3,37.5,0
HybridRV_912,204-85-204-204-46-204-90-204,48,32,16,1.33333,2,1,12.5,0,3,37.5,0
HybridRV_812,204-129-204-154-235-204-210-204,60,25,35,2.56667,6,2,9.76562,0,4,50,0
HybridRV_712,169-204-204-204-111-204-204-204,144,64,80,1.55556,2,1,25,0,2,25,0
HybridRV_13,46-204-231-204-204-204-95-204,72,40,32,1.44444,2,1,15.625,0,3,37.5,0
HybridRV_113,204-10-153-204-135-204-204-235,96,24,72,1.75,2,1,9.375,0,4,50,0
HybridRV_214,80-204-204-40-150-204-204-250,36,16,20,1.88889,3,3,6.25,0,4,50,0
HybridRV_413,86-75-169-204-204-204-204-96,60,24,36,1.93333,3,5,9.375,0,4,50,0
HybridRV_313,204-125-246-204-204-204-204-204,80,48,32,1.6,3,2,18.75,0,2,25,0
HybridRV_513,90-204-66-190-255-130-204-189,15,1,14,1.93333,2,2,0.390625,0,6,75,0
HybridRV_613,204-204-139-75-204-204-5-204,64,24,40,2,3,3,9.375,0,3,37.5,0
HybridRV_913,204-166-204-204-204-46-204-210,72,32,40,1.55556,2,1,12.5,0,3,37.5,0
HybridRV_813,250-204-204-204-96-204-235-102,72,24,48,1.66667,2,1,9.375,0,4,50,0
HybridRV_713,204-204-204-111-24-165-29-160,24,4,20,2.83333,4,6,1.5625,0,5,62.5,0
HybridRV_14,86-204-65-135-89-15-204-204,72,8,64,3,6,5,3.125,0,5,62.5,0
HybridRV_114,204-204-10-231-111-169-204-204,40,12,28,1.8,3,4,4.6875,0,4,50,0
HybridRV_215,204-204-111-90-204-170-111-106,20,8,12,2.2,3,4,3.125,0,5,62.5,0
HybridRV_414,204-106-24-175-204-66-20-204,24,18,6,1.5,3,4,7.03125,0,5,62.5,0
HybridRV_314,204-129-175-66-153-215-209-204,13,11,2,1.15385,2,7,4.29688,0,6,75,0
HybridRV_514,135-30-75-90-204-71-204-204,50,2,48,5.2,6,5,0.78125,0,5,62.5,0
HybridRV_614,135-85-204-125-209-204-139-150,24,2,22,3.29167,6,2,0.78125,0,6,75,0
HybridRV_914,204-210-204-153-40-246-204-204,54,16,38,1.7037,2,3,6.25,0,4,50,0
HybridRV_814,166-204-40-204-36-6-204-195,80,4,76,2.45,6,2,1.5625,0,5,62.5,0
HybridRV_714,204-204-40-204-204-20-126-204,74,40,34,1.45946,2,3,15.625,0,3,37.5,0
HybridRV_15,204-204-189-180-170-80-204-204,64,16,48,2.125,4,3,6.25,0,4,50,0
HybridRV_115,204-204-20-204-204-160-204-204,96,64,32,1.33333,2,1,25,0,2,25,0
HybridRV_216,246-116-204-45-204-204-160-204,48,16,32,1.66667,2,3,6.25,0,4,50,0
HybridRV_415,204-29-24-96-189-204-204-231,41,0,41,2.90244,3,5,0,0,5,62.5,0
HybridRV_315,204-204-204-195-105-204-15-30,128,16,112,2.875,4,1,6.25,0,4,50,0
HybridRV_515,204-204-204-10-126-153-250-66,56,24,32,2.14286,3,5,9.375,0,5,62.5,0
HybridRV_615,204-36-159-5-204-106-102-89,39,0,39,3,3,4,0,0,6,75,0
HybridRV_915,204-204-40-139-29-120-10-204,32,0,32,3.9375,6,8,0,0,5,62.5,0
HybridRV_815,204-153-90-20-204-120-159-204,64,2,62,4.3125,6,2,0.78125,0,5,62.5,0
HybridRV_715,204-15-204-30-204-204-204-204,96,64,32,1.33333,2,1,25,0,2,25,0
HybridRV_16,102-101-204-204-60-204-45-153,48,0,48,2,2,3,0,0,5,62.5,0
HybridRV_116,204-204-204-80-204-102-204-209,96,0,96,2,2,1,0,0,3,37.5,0
HybridRV_217,204-20-204-135-6-102-204-10,48,8,40,2.16667,4,3,3.125,0,5,62.5,0
HybridRV_416,204-150-215-15-204-0-40-80,18,12,6,1.33333,2,4,4.6875,0,6,75,0
HybridRV_316,139-149-204-85-9-24-101-204,30,3,27,3,6,6,1.17188,0,6,75,0
HybridRV_516,225-190-204-5-29-204-153-195,8,6,2,1.25,2,3,2.34375,0,6,75,0
HybridRV_616,204-204-95-204-6-204-209-204,72,24,48,1.66667,2,1,9.375,0,3,37.5,0
HybridRV_916,204-36-102-204-204-204-204-204,112,64,48,1.42857,2,2,25,0,2,25,0
HybridRV_816,204-240-204-204-204-154-204-231,72,56,16,1.22222,2,1,21.875,0,3,37.5,0
HybridRV_716,204-150-180-204-204-180-106-235,46,8,38,2.65217,3,6,3.125,0,5,62.5,0
HybridRV_17,204-125-204-15-204-204-204-20,96,32,64,1.66667,2,1,12.5,0,3,37.5,0
HybridRV_117,204-66-204-95-45-204-225-225,59,2,57,3.74576,6,2,0.78125,0,5,62.5,0
HybridRV_218,204-160-144-204-219-101-195-75,29,0,29,2.68966,4,4,0,0,6,75,0
HybridRV_417,204-204-85-129-6-175-135-245,16,0,16,2.5,3,6,0,0,6,75,0
HybridRV_118,204-204-204-139-153-36-71-204,44,8,36,2.18182,3,4,3.125,0,4,50,0
HybridRV_219,204-46-226-29-209-204-95-204,24,0,24,3.16667,4,7,0,0,5,62.5,0
HybridRV_617,135-204-125-204-204-159-204-9,73,9,64,1.87671,2,1,3.51562,0,4,50,0
HybridRV_917,204-246-90-204-204-30-204-15,60,16,44,2.93333,6,2,6.25,0,4,50,0
HybridRV_817,225-204-184-204-204-95-204-89,54,2,52,1.96296,2,1,0.78125,0,4,50,0
HybridRV_717,154-204-204-71-204-204-204-204,96,64,32,1.33333,2,1,25,0,2,25,0
HybridRV_18,225-204-30-204-210-9-231-150,37,0,37,7.48649,10,3,0,0,6,75,0
HybridRV_317,204-204-215-235-204-204-154-204,72,40,32,1.44444,2,3,15.625,0,3,37.5,0
HybridRV_418,204-204-101-204-139-126-204-215,48,14,34,2.08333,3,3,5.46875,0,4,50,0
HybridRV_517,159-204-204-153-204-195-249-75,40,24,16,1.4,2,3,9.375,0,5,62.5,0
HybridRV_119,166-204-204-204-75-204-204-159,112,16,96,1.85714,2,1,6.25,0,3,37.5,0
HybridRV_220,204-204-144-204-204-10-45-204,88,32,56,2.45455,6,2,12.5,0,3,37.5,0
HybridRV_618,190-209-204-204-235-175-135-195,50,8,42,3.12,4,3,3.125,0,6,75,0
HybridRV_918,204-0-89-204-126-75-101-190,32,4,28,3.4375,6,7,1.5625,0,6,75,0
HybridRV_818,24-204-204-204-20-204-15-204,72,48,24,1.33333,2,1,18.75,0,3,37.5,0
HybridRV_718,154-5-204-204-204-175-95-204,46,6,40,3.6087,4,2,2.34375,0,4,50,0
HybridRV_19,135-204-204-96-204-159-204-144,73,3,70,1.9589,2,1,1.17188,0,4,50,0
HybridRV_318,60-101-204-210-204-204-204-204,112,48,64,1.57143,2,1,18.75,0,3,37.5,0
HybridRV_419,204-204-240-29-189-159-184-204,24,10,14,2.16667,3,4,3.90625,0,5,62.5,0
HybridRV_518,204-160-250-71-40-210-129-204,12,6,6,2.66667,5,11,2.34375,0,6,75,0
HybridRV_120,169-144-204-139-85-60-204-204,76,4,72,3.89474,6,3,1.5625,0,5,62.5,0
HybridRV_221,204-204-30-65-210-219-150-204,28,2,26,3.21429,6,7,0.78125,0,5,62.5,0
HybridRV_619,204-204-130-75-175-235-169-154,22,2,20,3.90909,6,8,0.78125,0,6,75,0
HybridRV_919,80-204-204-204-30-204-36-29,40,8,32,2.4,3,3,3.125,0,4,50,0
HybridRV_819,204-204-5-204-204-144-204-204,96,64,32,1.33333,2,1,25,0,2,25,0
HybridRV_719,204-204-204-71-189-204-255-246,28,12,16,1.57143,2,3,4.6875,0,4,50,0
HybridRV_20,6-204-204-204-250-204-204-204,128,64,64,1.5,2,1,25,0,2,25,0
HybridRV_319,204-15-240-204-89-46-45-15,30,2,28,2.73333,3,3,0.78125,0,6,75,0
HybridRV_420,175-204-166-180-102-154-204-90,25,5,20,2.36,4,5,1.95312,0,6,75,0
HybridRV_519,204-204-166-204-204-75-126-75,34,24,10,1.29412,2,5,9.375,0,4,50,0
HybridRV_121,204-204-204-219-219-85-153-204,44,24,20,1.45455,2,4,9.375,0,4,50,0
HybridRV_222,139-90-204-204-204-101-204-204,104,16,88,2.69231,6,1,6.25,0,3,37.5,0
HybridRV_620,204-204-204-215-204-219-66-180,44,16,28,1.63636,2,4,6.25,0,4,50,0
HybridRV_920,209-116-75-204-204-165-120-204,106,8,98,4.58491,12,2,3.125,0,5,62.5,0
HybridRV_820,189-20-204-95-204-101-204-204,48,16,32,1.66667,2,2,6.25,0,4,50,0
HybridRV_720,95-144-204-204-29-204-15-170,24,8,16,1.66667,2,1,3.125,0,5,62.5,0
HybridRV_21,36-204-204-204-129-204-204-204,128,96,32,1.25,2,1,37.5,0,2,25,0
HybridRV_320,40-240-204-150-255-101-204-169,44,0,44,2,2,2,0,0,6,75,0
HybridRV_421,204-204-139-204-153-126-204-204,68,48,20,1.29412,2,3,18.75,0,3,37.5,0
HybridRV_520,24-204-86-204-245-204-204-150,64,24,40,1.625,2,1,9.375,0,4,50,0
HybridRV_122,96-111-139-105-204-204-215-204,30,12,18,1.6,2,4,4.6875,0,5,62.5,0
HybridRV_223,204-204-204-204-204-166-215-204,96,48,48,1.66667,3,2,18.75,0,2,25,0
HybridRV_621,101-85-189-219-139-204-160-204,14,8,6,1.85714,3,6,3.125,0,6,75,0
HybridRV_921,226-15-204-65-204-231-204-130,54,0,54,4.66667,6,1,0,0,5,62.5,0
HybridRV_821,204-144-204-204-231-150-204-30,92,8,84,2.3913,6,3,3.125,0,4,50,0
HybridRV_721,204-153-204-102-204-204-204-255,128,32,96,1.75,2,1,12.5,0,3,37.5,0
HybridRV_22,120-204-150-204-45-204-204-149,92,10,82,1.8913,2,1,3.90625,0,4,50,0
HybridRV_321,204-105-204-204-189-204-204-231,120,48,72,1.6,2,1,18.75,0,3,37.5,0
HybridRV_422,204-204-204-204-204-226-130-135,48,16,32,2.33333,3,4,6.25,0,3,37.5,0
HybridRV_521,150-65-204-204-204-204-204-204,96,96,0,1,1,2,37.5,0,2,25,1
HybridRV_123,204-165-159-204-204-204-204-204,112,64,48,1.57143,3,3,25,0,2,25,0
HybridRV_224,215-219-204-209-154-160-165-204,50,2,48,7.02,15,6,0.78125,0,6,75,0
HybridRV_622,65-204-204-45-255-144-204-166,56,4,52,1.92857,2,1,1.5625,0,5,62.5,0
HybridRV_922,6-204-180-204-204-204-204-204,160,96,64,1.4,2,1,37.5,0,2,25,0
HybridRV_822,86-204-246-71-89-189-204-126,30,8,22,1.73333,2,7,3.125,0,6,75,0
HybridRV_722,60-204-153-65-20-231-139-204,28,8,20,3.85714,5,7,3.125,0,6,75,0
HybridRV_23,10-204-255-204-95-106-175-204,24,4,20,2.33333,3,2,1.5625,0,5,62.5,0
HybridRV_322,204-204-60-204-204-245-204-204,128,64,64,1.5,2,1,25,0,2,25,0
HybridRV_423,204-29-204-204-235-204-135-204,92,32,60,1.65217,2,1,12.5,0,3,37.5,0
HybridRV_522,209-204-101-204-204-195-204-204,128,16,112,1.875,2,1,6.25,0,3,37.5,0
HybridRV_124,204-30-204-204-204-95-169-95,24,16,8,1.33333,2,4,6.25,0,4,50,0
HybridRV_225,75-204-235-204-204-106-204-135,54,12,42,1.77778,2,1,4.6875,0,4,50,0
HybridRV_623,204-40-204-189-166-231-169-204,22,10,12,1.54545,2,5,3.90625,0,5,62.5,0
HybridRV_923,204-204-204-30-204-111-204-135,64,32,32,1.5,2,1,12.5,0,3,37.5,0
HybridRV_823,75-204-45-204-204-204-204-204,112,16,96,1.85714,2,1,6.25,0,2,25,0
HybridRV_723,204-204-204-204-166-204-129-204,112,48,64,1.57143,2,1,18.75,0,2,25,0
HybridRV_24,144-204-29-10-204-204-204-204,64,32,32,1.5,2,2,12.5,0,3,37.5,0
HybridRV_323,96-204-204-166-184-139-160-204,50,6,44,2.36,3,3,2.34375,0,5,62.5,0
HybridRV_424,204-255-46-46-106-235-180-204,20,0,20,5.8,7,9,0,0,6,75,0
HybridRV_523,204-204-204-204-204-204-165-154,96,32,64,2,3,1,12.5,0,2,25,0
HybridRV_125,65-106-204-15-135-249-204-139,37,0,37,3.51351,6,3,0,0,6,75,0
HybridRV_226,85-204-204-240-130-0-204-170,8,8,0,1,1,2,3.125,0,5,62.5,1
HybridRV_624,9-6-66-204-150-105-204-204,36,8,28,2.11111,3,3,3.125,0,5,62.5,0
HybridRV_924,219-150-204-153-204-204-204-204,64,16,48,3,6,3,6.25,0,3,37.5,0
HybridRV_824,0-204-20-204-204-29-95-204,48,24,24,1.5,2,2,9.375,0,4,50,0
HybridRV_724,75-24-204-204-29-101-195-209,25,0,25,2,2,4,0,0,6,75,0
HybridRV_25,204-154-204-255-204-204-240-240,24,16,8,1.33333,2,2,6.25,0,4,50,0
HybridRV_324,209-249-40-9-255-204-204-24,14,0,14,4.71429,6,4,0,0,6,75,0
HybridRV_425,180-166-86-204-204-166-65-204,36,15,21,2.38889,6,5,5.85938,0,5,62.5,0
HybridRV_524,204-204-204-189-245-204-204-80,56,40,16,1.28571,2,3,15.625,0,3,37.5,0
HybridRV_126,195-106-30-204-60-204-204-30,56,0,56,3.71429,8,2,0,0,5,62.5,0
HybridRV_227,204-204-149-165-250-255-204-130,32,4,28,3.25,4,2,1.5625,0,5,62.5,0
HybridRV_625,126-204-204-129-170-5-170-204,27,3,24,3.37037,4,4,1.17188,0,5,62.5,0
HybridRV_925,95-204-90-204-135-85-204-40,12,8,4,1.33333,2,2,3.125,0,5,62.5,0
HybridRV_825,204-204-130-204-204-40-175-204,70,24,46,2.11429,6,3,9.375,0,3,37.5,0
HybridRV_725,215-86-204-106-204-190-180-0,48,2,46,3.95833,6,2,0.78125,0,6,75,0
HybridRV_26,65-154-85-166-90-204-204-71,18,3,15,2.22222,3,5,1.17188,0,6,75,0
HybridRV_325,204-204-65-0-204-204-204-204,96,64,32,1.33333,2,1,25,0,2,25,0
HybridRV_426,175-204-204-204-231-255-96-204,48,8,40,1.83333,2,2,3.125,0,4,50,0
HybridRV_525,215-204-204-204-231-29-204-204,72,12,60,1.83333,2,3,4.6875,0,3,37.5,0
HybridRV_127,15-5-235-245-204-204-204-204,32,16,16,1.5,2,3,6.25,0,4,50,0
HybridRV_228,204-129-204-204-225-184-9-96,41,4,37,3.17073,6,4,1.5625,0,5,62.5,0
HybridRV_626,204-210-204-204-160-204-166-15,96,8,88,3.66667,6,1,3.125,0,4,50,0
HybridRV_926,129-111-120-204-204-204-184-204,28,8,20,1.71429,2,4,3.125,0,4,50,0
HybridRV_826,90-96-204-204-95-101-111-204,60,6,54,3,6,2,2.34375,0,5,62.5,0
HybridRV_726,15-195-204-6-169-204-204-169,48,8,40,1.83333,2,3,3.125,0,5,62.5,0
HybridRV_27,204-15-245-71-204-71-204-204,48,20,28,1.58333,2,3,7.8125,0,4,50,0
HybridRV_326,159-204-204-204-231-89-204-204,56,32,24,1.85714,3,3,12.5,0,3,37.5,0
HybridRV_427,204-225-204-204-204-204-189-204,120,64,56,1.46667,2,1,25,0,2,25,0
HybridRV_526,204-204-204-204-204-231-204-159,112,48,64,1.57143,2,1,18.75,0,2,25,0
HybridRV_128,89-204-111-95-204-204-204-204,96,16,80,2,3,2,6.25,0,3,37.5,0
HybridRV_229,75-204-66-204-30-9-204-204,54,14,40,1.74074,2,2,5.46875,0,4,50,0
HybridRV_627,204-204-204-126-204-204-170-125,48,32,16,1.33333,2,2,12.5,0,3,37.5,0
HybridRV_927,204-135-204-204-204-246-204-204,120,64,56,1.46667,2,1,25,0,2,25,0
HybridRV_827,255-29-204-66-215-10-204-204,28,6,22,1.78571,2,3,2.34375,0,5,62.5,0
HybridRV_727,29-102-45-204-85-204-195-204,48,12,36,3,6,3,4.6875,0,5,62.5,0
HybridRV_28,105-204-250-66-46-5-204-204,38,16,22,2.42105,4,6,6.25,0,5,62.5,0
HybridRV_327,90-204-204-15-204-204-204-125,32,32,0,1,1,1,12.5,0,3,37.5,1
HybridRV_428,130-204-204-204-255-204-189-204,72,16,56,1.77778,2,1,6.25,0,3,37.5,0
HybridRV_527,204-204-130-204-159-204-0-204,80,32,48,1.6,2,1,12.5,0,3,37.5,0
HybridRV_129,204-250-65-231-5-204-90-10,8,6,2,1.25,2,6,2.34375,0,6,75,0
HybridRV_230,204-204-204-204-246-165-65-204,104,24,80,2.84615,4,2,9.375,0,3,37.5,0
HybridRV_628,0-204-204-71-204-204-219-225,36,24,12,1.33333,2,3,9.375,0,4,50,0
HybridRV_928,65-209-165-204-111-215-20-204,36,0,36,4.13889,6,4,0,0,6,75,0
HybridRV_828,46-204-150-209-95-204-226-144,50,10,40,2.68,6,4,3.90625,0,6,75,0
HybridRV_728,40-204-159-30-210-204-65-105,48,4,44,2.79167,6,6,1.5625,0,6,75,0
HybridRV_29,204-9-0-204-180-204-20-204,54,8,46,1.85185,2,1,3.125,0,4,50,0
HybridRV_328,204-45-204-190-204-204-204-204,112,64,48,1.42857,2,1,25,0,2,25,0
HybridRV_429,204-6-204-45-204-204-204-166,100,60,40,1.4,2,1,23.4375,0,3,37.5,0
HybridRV_528,204-86-204-204-166-102-204-20,108,32,76,2.14815,4,1,12.5,0,4,50,0
HybridRV_130,204-24-204-204-204-125-204-215,72,32,40,1.55556,2,1,12.5,0,3,37.5,0
HybridRV_231,204-106-255-246-204-204-204-204,48,16,32,1.66667,2,2,6.25,0,3,37.5,0
HybridRV_629,204-204-204-204-245-204-190-175,64,16,48,2.5,3,3,6.25,0,3,37.5,0
HybridRV_929,204-204-10-204-204-96-204-204,96,64,32,1.33333,2,1,25,0,2,25,0
HybridRV_829,85-86-215-111-144-204-204-226,33,12,21,1.84848,3,6,4.6875,0,6,75,0
HybridRV_729,204-165-139-204-250-204-204-204,72,32,40,1.88889,3,3,12.5,0,3,37.5,0
HybridRV_30,5-204-204-160-204-165-204-204,32,32,0,1,1,1,12.5,0,3,37.5,1
HybridRV_329,204-204-129-184-204-204-204-204,96,80,16,1.33333,3,3,31.25,0,2,25,0
HybridRV_430,5-245-154-204-204-30-6-204,50,4,46,3.76,6,2,1.5625,0,5,62.5,0
HybridRV_529,204-150-204-204-60-204-204-204,160,64,96,1.6,2,0,25,1,2,25,0
HybridRV_131,184-0-204-204-10-204-240-204,16,16,0,1,1,2,6.25,0,4,50,1
HybridRV_232,204-204-66-180-60-204-204-154,60,16,44,1.73333,2,4,6.25,0,4,50,0
HybridRV_630,204-126-160-246-40-204-195-204,46,12,34,2.52174,6,5,4.6875,0,5,62.5,0
HybridRV_930,125-204-250-204-24-130-215-95,18,3,15,2.33333,3,5,1.17188,0,6,75,0
HybridRV_830,204-10-204-204-130-154-204-204,64,32,32,1.5,2,3,12.5,0,3,37.5,0
HybridRV_730,231-204-204-204-165-204-204-204,96,32,64,1.66667,2,1,12.5,0,2,25,0
HybridRV_31,204-170-204-204-6-120-204-204,64,40,24,1.75,3,2,15.625,0,3,37.5,0
HybridRV_330,139-204-204-106-204-204-204-24,92,8,84,1.91304,2,1,3.125,0,3,37.5,0
HybridRV_431,66-204-209-231-204-204-215-130,24,2,22,2.16667,3,3,0.78125,0,5,62.5,0
HybridRV_530,125-204-20-204-235-204-204-204,92,44,48,1.52174,2,1,17.1875,0,3,37.5,0
HybridRV_132,225-231-204-204-6-204-166-111,42,4,38,4.04762,6,3,1.5625,0,5,62.5,0
HybridRV_233,204-204-249-111-90-204-204-204,72,40,32,1.88889,3,6,15.625,0,3,37.5,0
HybridRV_631,204-75-130-40-210-204-30-46,36,7,29,1.80556,2,6,2.73438,0,6,75,0
HybridRV_931,154-29-204-45-204-204-204-204,64,8,56,2.5,3,3,3.125,0,3,37.5,0
HybridRV_831,204-249-226-80-15-86-149-204,40,10,30,2.15,4,4,3.90625,0,6,75,0
HybridRV_731,204-66-246-204-125-89-204-204,52,18,34,2.88462,6,3,7.03125,0,4,50,0
HybridRV_32,204-95-204-149-226-144-144-45,10,2,8,1.8,2,9,0.78125,0,6,75,0
HybridRV_331,204-126-159-102-71-249-204-130,32,6,26,2.75,6,6,2.34375,0,6,75,0
HybridRV_432,5-204-204-86-204-204-150-75,24,16,8,1.33333,2,2,6.25,0,4,50,0
HybridRV_531,204-204-204-204-204-175-0-204,64,64,0,1,1,2,25,0,2,25,1
HybridRV_133,204-120-204-204-204-159-204-24,92,8,84,1.91304,2,1,3.125,0,3,37.5,0
HybridRV_234,116-96-204-204-204-204-204-250,48,48,0,1,1,2,18.75,0,3,37.5,1
HybridRV_632,204-204-204-204-209-166-204-204,112,64,48,1.71429,3,2,25,0,2,25,0
HybridRV_932,209-204-210-116-126-204-204-231,48,0,48,2,2,4,0,0,5,62.5,0
HybridRV_832,20-204-249-204-190-204-204-24,74,8,66,1.89189,2,1,3.125,0,4,50,0
HybridRV_732,204-125-150-204-204-204-204-204,112,64,48,1.71429,3,3,25,0,2,25,0
HybridRV_33,225-245-204-101-226-204-95-195,48,2,46,2.91667,3,3,0.78125,0,6,75,0
HybridRV_332,204-9-209-66-204-204-204-204,56,24,32,1.57143,2,5,9.375,0,3,37.5,0
HybridRV_433,90-204-204-30-116-204-204-204,72,32,40,1.88889,3,2,12.5,0,3,37.5,0
HybridRV_532,204-159-15-204-204-204-160-204,80,32,48,2.2,3,2,12.5,0,3,37.5,0
HybridRV_134,106-225-204-204-102-204-250-204,128,24,104,2.75,6,1,9.375,0,4,50,0
HybridRV_235,255-126-46-204-101-184-165-204,19,1,18,3.36842,6,4,0.390625,0,6,75,0
HybridRV_633,204-40-225-111-15-204-204-90,40,12,28,2,3,4,4.6875,0,5,62.5,0
HybridRV_933,24-204-6-204-80-10-189-180,36,6,30,2.16667,3,6,2.34375,0,6,75,0
HybridRV_833,120-5-204-204-159-226-204-101,18,14,4,1.22222,2,3,5.46875,0,5,62.5,0
HybridRV_733,130-9-153-0-204-15-204-111,24,0,24,4,4,3,0,0,6,75,0
HybridRV_34,125-5-204-9-204-144-204-204,56,24,32,1.57143,2,2,9.375,0,4,50,0
HybridRV_333,204-204-189-204-204-204-89-204,120,64,56,1.46667,2,1,25,0,2,25,0
HybridRV_434,249-40-204-204-80-159-204-144,30,2,28,1.93333,2,2,0.78125,0,5,62.5,0
HybridRV_533,24-160-204-60-45-204-169-102,48,8,40,2.5,4,2,3.125,0,6,75,0
HybridRV_135,105-66-159-204-204-130-219-204,51,3,48,4.56863,6,3,1.17188,0,5,62.5,0
HybridRV_236,36-86-125-204-204-36-210-154,18,6,12,1.66667,2,5,2.34375,0,6,75,0
HybridRV_634,204-85-204-204-154-204-85-45,96,32,64,1.66667,2,1,12.5,0,4,50,0
HybridRV_934,86-204-144-60-204-154-90-204,96,16,80,3.08333,6,2,6.25,0,5,62.5,0
HybridRV_834,250-204-204-204-204-235-204-40,48,32,16,1.33333,2,1,12.5,0,3,37.5,0
HybridRV_734,204-215-204-204-102-71-210-204,64,8,56,2.375,6,3,3.125,0,4,50,0
HybridRV_35,204-204-246-204-71-204-125-245,60,20,40,1.66667,2,1,7.8125,0,4,50,0
HybridRV_334,30-139-204-190-204-111-126-204,34,5,29,2.11765,3,2,1.95312,0,5,62.5,0
HybridRV_435,105-204-135-209-204-204-204-204,112,48,64,2.14286,6,2,18.75,0,3,37.5,0
HybridRV_534,170-204-24-89-71-204-15-189,18,1,17,2.11111,3,4,0.390625,0,6,75,0
HybridRV_136,149-90-204-204-204-159-15-204,64,16,48,3.375,12,2,6.25,0,4,50,0
HybridRV_237,10-204-175-204-204-166-246-102,44,16,28,1.90909,3,2,6.25,0,5,62.5,0
HybridRV_635,204-204-204-215-65-204-225-204,56,36,20,1.35714,2,3,14.0625,0,3,37.5,0
HybridRV_935,95-204-153-204-190-154-204-204,64,8,56,1.875,2,2,3.125,0,4,50,0
HybridRV_835,90-204-106-225-125-89-159-204,33,9,24,2.15152,4,6,3.51562,0,6,75,0
HybridRV_735,0-204-24-204-204-204-204-204,96,64,32,1.33333,2,1,25,0,2,25,0
HybridRV_36,129-154-226-24-30-204-30-204,31,4,27,3.06452,6,5,1.5625,0,6,75,0
HybridRV_335,129-46-204-204-240-184-160-36,22,4,18,1.81818,2,4,1.5625,0,6,75,0
HybridRV_436,170-159-5-6-204-204-116-204,48,0,48,4.875,6,3,0,0,5,62.5,0
HybridRV_535,159-204-139-105-225-125-204-204,40,6,34,6,10,6,2.34375,0,5,62.5,0
HybridRV_137,204-204-75-95-204-45-30-204,48,16,32,2.16667,3,3,6.25,0,4,50,0
HybridRV_238,66-204-204-204-204-40-0-204,48,16,32,1.66667,2,2,6.25,0,3,37.5,0
HybridRV_636,180-204-120-204-36-65-225-190,26,3,23,3.46154,6,6,1.17188,0,6,75,0
HybridRV_936,90-106-116-184-46-204-120-204,41,7,34,4.95122,6,4,2.73438,0,6,75,0
HybridRV_836,204-204-231-204-204-204-235-204,120,64,56,1.46667,2,1,25,0,2,25,0
HybridRV_736,170-204-246-189-226-204-65-116,18,3,15,2,3,4,1.17188,0,6,75,0
HybridRV_37,24-204-153-204-184-240-204-159,74,6,68,1.91892,2,2,2.34375,0,5,62.5,0
HybridRV_336,65-6-204-204-30-204-204-204,88,16,72,1.81818,2,1,6.25,0,3,37.5,0
HybridRV_437,204-166-150-255-20-102-90-204,45,2,43,3.22222,6,3,0.78125,0,6,75,0
HybridRV_536,204-204-245-89-204-101-204-255,40,16,24,1.9,3,2,6.25,0,4,50,0
HybridRV_138,144-204-204-204-204-209-204-204,96,64,32,1.33333,2,1,25,0,2,25,0
HybridRV_239,231-30-46-204-204-126-204-30,50,12,38,3.16,6,5,4.6875,0,5,62.5,0
HybridRV_637,204-204-204-204-246-90-204-150,80,32,48,2.2,6,2,12.5,0,3,37.5,0
HybridRV_937,46-204-135-195-204-105-144-65,60,3,57,3.16667,6,3,1.17188,0,6,75,0
HybridRV_837,204-195-75-204-90-75-255-102,96,8,88,3.25,4,1,3.125,0,6,75,0
HybridRV_737,166-204-204-175-204-204-120-10,32,16,16,1.5,2,2,6.25,0,4,50,0
HybridRV_38,190-204-204-86-15-204-204-246,120,54,66,1.86667,3,1,21.0938,0,4,50,0
HybridRV_337,204-204-10-235-29-153-154-204,38,2,36,2.73684,3,5,0.78125,0,5,62.5,0
HybridRV_438,149-189-204-204-75-6-5-240,48,2,46,5.625,8,3,0.78125,0,6,75,0
HybridRV_537,150-90-90-225-204-29-189-204,41,7,34,5.82927,14,4,2.73438,0,6,75,0
HybridRV_139,30-204-246-190-219-120-204-189,27,1,26,2.18519,3,6,0.390625,0,6,75,0
HybridRV_240,190-204-89-96-204-204-204-204,96,24,72,2.33333,3,3,9.375,0,3,37.5,0
HybridRV_638,231-204-204-204-226-184-245-184,52,0,52,3.15385,6,3,0,0,5,62.5,0
HybridRV_938,204-204-204-144-246-204-204-204,112,80,32,1.28571,2,3,31.25,0,2,25,0
HybridRV_838,166-215-204-250-204-204-96-215,18,2,16,1.88889,2,2,0.78125,0,5,62.5,0
HybridRV_738,204-159-101-204-255-204-204-204,72,32,40,1.88889,3,2,12.5,0,3,37.5,0
HybridRV_39,204-180-190-225-204-86-204-153,36,0,36,2,2,6,0,0,5,62.5,0
HybridRV_338,165-204-204-245-204-204-204-204,64,64,0,1,1,1,25,0,2,25,1
HybridRV_439,204-204-65-204-204-204-204-159,112,32,80,1.71429,2,1,12.5,0,2,25,0
HybridRV_538,204-204-106-204-204-204-204-180,144,64,80,1.55556,2,1,25,0,2,25,0
HybridRV_140,9-204-154-204-204-204-204-204,160,64,96,1.6,2,1,25,0,2,25,0
HybridRV_241,204-204-204-165-150-204-204-204,128,64,64,2,3,0,25,1,2,25,0
HybridRV_639,204-204-204-204-204-184-102-204,128,64,64,1.5,2,2,25,0,2,25,0
HybridRV_939,204-204-204-154-204-180-204-204,112,48,64,1.57143,2,1,18.75,0,2,25,0
HybridRV_839,6-204-204-204-204-204-204-80,128,64,64,1.5,2,1,25,0,2,25,0
HybridRV_739,204-195-204-169-204-240-204-215,48,16,32,1.66667,2,1,6.25,0,4,50,0
HybridRV_40,204-204-36-204-204-190-204-106,96,48,48,1.5,2,1,18.75,0,3,37.5,0
HybridRV_339,249-204-204-225-106-204-175-204,80,16,64,1.8,2,2,6.25,0,4,50,0
HybridRV_440,225-204-159-204-36-160-226-204,36,2,34,1.94444,2,5,0.78125,0,5,62.5,0
HybridRV_539,20-204-235-204-204-170-215-204,66,20,46,2.39394,6,2,7.8125,0,4,50,0
HybridRV_141,204-235-204-66-204-130-204-204,92,24,68,1.73913,2,1,9.375,0,3,37.5,0
HybridRV_242,204-36-204-189-204-249-40-166,27,7,20,1.74074,2,4,2.73438,0,5,62.5,0
HybridRV_640,36-180-116-204-15-204-169-184,18,3,15,2.33333,3,3,1.17188,0,6,75,0
HybridRV_940,40-111-66-46-204-90-204-210,14,14,0,1,1,5,5.46875,0,6,75,1
HybridRV_840,204-204-204-204-15-75-15-130,40,16,24,2.2,3,3,6.25,0,4,50,0
HybridRV_740,120-204-204-204-150-190-102-204,60,24,36,1.6,2,3,9.375,0,4,50,0
HybridRV_41,210-204-80-204-204-149-204-204,72,16,56,1.77778,2,1,6.25,0,3,37.5,0
HybridRV_340,165-135-184-66-65-250-204-204,28,6,22,2.42857,3,11,2.34375,0,6,75,0
HybridRV_441,125-204-204-204-204-226-80-80,56,24,32,2.71429,4,3,9.375,0,4,50,0
HybridRV_540,204-144-204-204-204-204-204-235,144,64,80,1.55556,2,1,25,0,2,25,0
HybridRV_142,24-180-249-204-24-246-111-204,41,6,35,2.68293,6,4,2.34375,0,6,75,0
HybridRV_243,116-204-204-204-170-154-225-86,24,24,0,1,1,4,9.375,0,5,62.5,1
HybridRV_641,204-126-66-180-204-204-111-204,46,32,14,1.30435,2,5,12.5,0,4,50,0
HybridRV_941,204-204-204-120-204-90-225-204,104,32,72,2.46154,6,1,12.5,0,3,37.5,0
HybridRV_841,29-30-204-46-10-126-135-204,18,3,15,2.33333,3,5,1.17188,0,6,75,0
HybridRV_741,96-204-6-204-204-204-204-204,96,64,32,1.33333,2,1,25,0,2,25,0
HybridRV_42,204-246-165-250-204-204-204-240,68,20,48,3.94118,7,2,7.8125,0,4,50,0
HybridRV_341,204-204-204-46-204-204-0-30,96,64,32,1.33333,2,1,25,0,3,37.5,0
HybridRV_442,154-204-250-204-45-165-126-204,22,8,14,1.90909,3,4,3.125,0,5,62.5,0
HybridRV_541,204-71-204-96-204-204-204-204,112,64,48,1.42857,2,1,25,0,2,25,0
HybridRV_143,204-204-120-204-71-204-204-204,128,64,64,1.5,2,1,25,0,2,25,0
HybridRV_244,204-106-204-175-204-149-204-204,72,32,40,1.55556,2,1,12.5,0,3,37.5,0
HybridRV_642,250-105-204-144-175-111-85-204,36,5,31,3.61111,6,6,1.95312,0,6,75,0
HybridRV_942,40-65-46-89-150-204-149-204,38,6,32,3,6,7,2.34375,0,6,75,0
HybridRV_842,36-85-204-204-204-204-255-204,48,48,0,1,1,2,18.75,0,3,37.5,1
HybridRV_742,204-204-204-204-204-95-204-215,64,64,0,1,1,1,25,0,2,25,1
HybridRV_43,46-204-225-153-149-204-9-95,21,7,14,1.66667,2,3,2.73438,0,6,75,0
HybridRV_342,204-204-190-204-204-101-159-246,56,24,32,1.57143,2,4,9.375,0,4,50,0
HybridRV_443,204-204-204-249-204-209-204-204,128,80,48,1.375,2,1,31.25,0,2,25,0
HybridRV_542,130-204-170-135-204-245-24-116,30,1,29,4.06667,6,4,0.390625,0,6,75,0
HybridRV_144,225-195-204-204-45-120-149-10,26,0,26,5.30769,6,5,0,0,6,75,0
HybridRV_245,204-46-204-204-204-189-235-129,24,16,8,1.33333,2,4,6.25,0,4,50,0
HybridRV_643,85-159-204-204-105-204-169-153,84,0,84,3.04762,4,2,0,0,5,62.5,0
HybridRV_943,184-204-65-65-60-204-204-231,66,36,30,1.72727,3,4,14.0625,0,5,62.5,0
HybridRV_843,235-45-204-184-204-116-80-5,23,0,23,4.04348,6,5,0,0,6,75,0
HybridRV_743,204-204-204-126-249-204-204-150,76,24,52,2.21053,6,3,9.375,0,3,37.5,0
HybridRV_44,160-204-125-166-10-204-204-204,52,16,36,3.46154,5,4,6.25,0,4,50,0
HybridRV_343,204-204-129-126-153-129-125-204,22,4,18,1.81818,2,5,1.5625,0,5,62.5,0
HybridRV_444,204-85-204-46-225-204-204-219,60,10,50,2.73333,6,2,3.90625,0,4,50,0
HybridRV_543,96-95-105-204-204-204-15-204,32,16,16,1.5,2,2,6.25,0,4,50,0
HybridRV_145,204-249-204-204-60-204-204-204,144,64,80,1.55556,2,1,25,0,2,25,0
HybridRV_246,24-46-105-116-204-29-204-225,30,10,20,1.66667,2,6,3.90625,0,6,75,0
HybridRV_644,204-204-195-204-204-204-75-45,112,32,80,2.85714,6,2,12.5,0,3,37.5,0
HybridRV_944,204-24-126-130-46-250-204-71,13,13,0,1,1,5,5.07812,0,6,75,1
HybridRV_844,111-204-24-204-204-204-153-204,96,32,64,1.66667,2,1,12.5,0,3,37.5,0
HybridRV_744,36-204-226-250-195-204-184-204,28,8,20,1.71429,2,4,3.125,0,5,62.5,0
HybridRV_45,204-111-204-144-204-204-75-204,92,32,60,1.65217,2,1,12.5,0,3,37.5,0
HybridRV_344,204-204-204-204-204-15-204-210,64,64,0,1,1,1,25,0,2,25,1
HybridRV_445,204-204-80-180-204-204-180-195,70,16,54,2.97143,6,3,6.25,0,4,50,0
HybridRV_544,130-30-45-195-204-204-204-204,96,0,96,8,8,2,0,0,4,50,0
HybridRV_146,204-149-210-40-29-90-60-204,16,0,16,4,4,19,0,0,6,75,0
HybridRV_247,204-204-169-204-204-204-75-204,120,64,56,1.46667,2,1,25,0,2,25,0
HybridRV_645,204-210-204-204-75-250-71-204,36,16,20,2.16667,6,5,6.25,0,4,50,0
HybridRV_945,204-204-204-160-225-204-120-231,80,20,60,1.95,3,2,7.8125,0,4,50,0
HybridRV_845,95-215-204-255-130-204-204-240,18,18,0,1,1,1,7.03125,0,5,62.5,1
HybridRV_745,204-204-204-204-204-15-184-204,80,64,16,1.2,2,2,25,0,2,25,0
HybridRV_46,204-204-204-204-116-204-66-204,112,48,64,1.57143,2,1,18.75,0,2,25,0
HybridRV_345,204-153-101-204-204-6-204-204,96,32,64,2.58333,6,2,12.5,0,3,37.5,0
HybridRV_446,204-65-204-204-160-204-204-101,72,48,24,1.33333,2,1,18.75,0,3,37.5,0
HybridRV_545,90-106-204-180-190-71-71-204,24,6,18,2.375,3,9,2.34375,0,6,75,0
HybridRV_147,204-75-0-101-89-150-184-204,31,2,29,3.51613,6,6,0.78125,0,6,75,0
HybridRV_248,204-204-66-46-101-204-204-204,64,40,24,1.625,3,5,15.625,0,3,37.5,0
HybridRV_646,204-204-246-150-10-210-195-166,30,12,18,4,7,5,4.6875,0,6,75,0
HybridRV_946,204-20-204-204-111-204-204-204,120,64,56,1.46667,2,1,25,0,2,25,0
HybridRV_846,235-66-126-9-204-65-204-180,48,0,48,4.25,6,4,0,0,6,75,0
HybridRV_746,0-15-180-204-111-231-45-204,13,1,12,1.92308,2,5,0.390625,0,6,75,0
HybridRV_47,144-204-204-204-89-204-204-204,96,64,32,1.33333,2,1,25,0,2,25,0
HybridRV_346,204-204-96-204-0-204-45-40,24,16,8,1.33333,2,2,6.25,0,4,50,0
HybridRV_447,129-204-30-245-204-160-204-204,40,4,36,2.2,3,2,1.5625,0,4,50,0
HybridRV_546,225-204-149-204-80-184-184-195,32,2,30,2.875,6,6,0.78125,0,6,75,0
HybridRV_148,170-80-204-204-106-204-204-120,60,24,36,1.6,2,2,9.375,0,4,50,0
HybridRV_249,204-204-71-204-86-204-150-215,72,4,68,1.94444,2,1,1.5625,0,4,50,0
HybridRV_647,86-89-231-102-24-204-180-204,21,8,13,2.47619,4,6,3.125,0,6,75,0
HybridRV_947,60-204-15-204-204-204-204-204,128,128,0,1,1,1,50,0,2,25,1
HybridRV_847,204-45-204-204-226-204-204-86,96,48,48,1.5,2,1,18.75,0,3,37.5,0
HybridRV_747,204-245-101-204-204-129-204-246,65,20,45,2.16923,6,2,7.8125,0,4,50,0
HybridRV_48,204-129-226-204-20-0-166-204,60,8,52,2.86667,6,2,3.125,0,5,62.5,0
HybridRV_347,9-184-30-129-204-204-24-111,22,0,22,4,4,6,0,0,6,75,0
HybridRV_448,10-204-204-204-204-159-90-111,56,32,24,1.85714,3,3,12.5,0,4,50,0
HybridRV_547,204-215-204-204-30-106-204-210,60,16,44,1.73333,2,2,6.25,0,4,50,0
HybridRV_149,204-105-219-209-204-20-210-102,47,4,43,2.89362,6,4,1.5625,0,6,75,0
HybridRV_250,204-204-215-153-215-204-204-204,64,48,16,1.25,2,2,18.75,0,3,37.5,0
HybridRV_648,150-204-204-9-204-204-204-204,144,64,80,1.55556,2,1,25,0,2,25,0
HybridRV_948,139-89-96-204-235-89-204-204,58,2,56,4.03448,6,4,0.78125,0,5,62.5,0
HybridRV_848,209-80-204-204-15-204-204-204,80,0,80,2.6,3,1,0,0,3,37.5,0
HybridRV_748,60-204-204-150-204-204-204-204,192,128,64,1.33333,2,0,50,1,2,25,0
HybridRV_49,29-130-204-120-204-204-189-204,50,20,30,1.6,2,2,7.8125,0,4,50,0
HybridRV_348,204-204-204-204-204-204-150-66,128,96,32,1.25,2,2,37.5,0,2,25,0
HybridRV_449,20-204-135-130-204-240-204-249,24,6,18,1.75,2,3,2.34375,0,5,62.5,0
HybridRV_548,204-249-210-231-144-29-165-204,22,12,10,1.72727,3,5,4.6875,0,6,75,0
HybridRV_150,184-204-204-204-75-204-24-144,60,12,48,2.4,3,3,4.6875,0,4,50,0
HybridRV_251,204-204-126-125-29-231-144-149,8,6,2,1.25,2,6,2.34375,0,6,75,0
HybridRV_649,159-204-204-245-95-209-24-204,22,6,16,2.27273,3,5,2.34375,0,5,62.5,0
HybridRV_949,20-204-9-245-30-46-204-126,33,17,16,1.66667,3,5,6.64062,0,6,75,0
HybridRV_849,204-204-149-204-9-29-204-204,80,44,36,1.45,2,3,17.1875,0,3,37.5,0
HybridRV_749,165-80-204-204-219-135-153-111,30,5,25,4.73333,12,4,1.95312,0,6,75,0
HybridRV_50,204-235-204-65-204-204-204-219,92,16,76,1.82609,2,1,6.25,0,3,37.5,0
HybridRV_349,204-204-175-204-204-30-204-204,96,64,32,1.33333,2,1,25,0,2,25,0
HybridRV_450,250-29-204-231-204-90-204-226,36,9,27,4,6,3,3.51562,0,5,62.5,0
HybridRV_549,204-204-184-204-150-189-130-204,54,24,30,2.55556,6,3,9.375,0,4,50,0
HybridRV_151,204-65-204-204-149-226-219-215,30,8,22,2.93333,6,6,3.125,0,5,62.5,0
HybridRV_252,204-204-204-90-5-101-204-204,48,32,16,2,4,5,12.5,0,3,37.5,0
HybridRV_650,204-195-90-204-204-231-160-204,64,20,44,2.625,6,2,7.8125,0,4,50,0
HybridRV_950,165-135-189-204-204-204-255-204,80,24,56,2.8,4,2,9.375,0,4,50,0
HybridRV_850,204-204-150-169-204-149-71-204,64,18,46,3.03125,6,3,7.03125,0,4,50,0
HybridRV_750,204-204-125-120-80-235-154-245,6,2,4,2.33333,3,7,0.78125,0,6,75,0
HybridRV_51,204-85-204-204-204-204-101-126,64,32,32,1.5,2,3,12.5,0,3,37.5,0
HybridRV_350,180-204-105-95-189-86-66-204,30,6,24,2.2,3,8,2.34375,0,6,75,0
HybridRV_451,149-36-66-204-129-101-204-90,20,5,15,2.5,3,3,1.95312,0,6,75,0
HybridRV_550,204-204-231-153-150-204-204-204,40,32,8,1.2,2,3,12.5,0,3,37.5,0
HybridRV_152,204-144-204-204-170-215-111-95,40,0,40,2,2,3,0,0,5,62.5,0
HybridRV_253,204-195-204-204-246-204-144-66,72,16,56,1.77778,2,2,6.25,0,4,50,0
HybridRV_651,204-204-204-204-29-175-204-204,112,96,16,1.14286,2,2,37.5,0,2,25,0
HybridRV_951,204-160-15-210-246-85-204-204,20,6,14,3.1,4,5,2.34375,0,5,62.5,0
HybridRV_851,204-204-204-204-204-204-20-126,96,96,0,1,1,2,37.5,0,2,25,1
HybridRV_751,120-160-204-30-71-204-30-15,17,5,12,1.70588,2,3,1.95312,0,6,75,0
HybridRV_52,150-36-204-139-89-204-204-66,43,15,28,1.65116,2,3,5.85938,0,5,62.5,0
HybridRV_351,204-204-139-204-125-111-204-204,104,28,76,1.73077,2,1,10.9375,0,3,37.5,0
HybridRV_452,190-204-204-204-204-40-204-204,128,96,32,1.25,2,1,37.5,0,2,25,0
HybridRV_551,90-246-204-204-255-102-204-204,80,24,56,1.7,2,2,9.375,0,4,50,0
HybridRV_153,204-204-204-204-9-189-204-204,96,96,0,1,1,3,37.5,0,2,25,1
HybridRV_254,215-65-105-204-86-170-204-10,12,4,8,1.66667,2,4,1.5625,0,6,75,0
HybridRV_652,105-139-210-204-106-204-204-195,76,16,60,2.94737,6,2,6.25,0,5,62.5,0
HybridRV_952,204-189-215-190-204-150-180-204,36,8,28,3.33333,6,4,3.125,0,5,62.5,0
HybridRV_852,204-204-204-204-189-204-204-6,128,96,32,1.25,2,1,37.5,0,2,25,0
HybridRV_752,154-204-204-204-204-204-204-75,128,64,64,1.5,2,1,25,0,2,25,0
HybridRV_53,135-204-204-204-204-204-204-95,96,32,64,1.66667,2,1,12.5,0,2,25,0
HybridRV_352,129-204-204-255-46-210-166-189,30,0,30,8.33333,10,6,0,0,6,75,0
HybridRV_453,154-204-204-175-204-204-105-204,64,32,32,1.5,2,1,12.5,0,3,37.5,0
HybridRV_552,204-204-195-139-204-204-204-29,88,16,72,1.81818,2,2,6.25,0,3,37.5,0
HybridRV_154,40-101-204-204-180-36-204-204,46,24,22,1.47826,2,3,9.375,0,4,50,0
HybridRV_255,10-204-29-149-65-204-204-231,36,15,21,1.83333,3,3,5.85938,0,5,62.5,0
HybridRV_653,204-204-95-204-204-71-204-204,96,64,32,1.33333,2,1,25,0,2,25,0
HybridRV_953,204-204-150-20-189-204-175-96,34,20,14,1.41176,2,4,7.8125,0,5,62.5,0
HybridRV_853,105-89-204-165-169-66-204-204,60,6,54,5.33333,10,4,2.34375,0,5,62.5,0
HybridRV_753,153-85-204-204-204-204-105-204,128,32,96,1.75,2,1,12.5,0,3,37.5,0
HybridRV_54,80-204-106-204-190-204-169-86,36,20,16,1.44444,2,2,7.8125,0,5,62.5,0
HybridRV_353,204-225-204-5-209-159-0-204,20,8,12,1.6,2,6,3.125,0,5,62.5,0
HybridRV_454,204-204-204-204-219-96-204-106,72,24,48,1.66667,2,2,9.375,0,3,37.5,0
HybridRV_553,36-204-160-204-71-204-101-204,54,24,30,1.55556,2,1,9.375,0,4,50,0
HybridRV_155,96-204-209-204-149-204-126-15,36,8,28,1.77778,2,3,3.125,0,5,62.5,0
HybridRV_256,204-204-204-204-245-5-204-204,96,80,16,1.16667,2,2,31.25,0,2,25,0
HybridRV_654,204-159-190-166-204-175-204-20,32,8,24,1.75,2,4,3.125,0,5,62.5,0
HybridRV_954,106-204-29-204-204-65-204-204,72,32,40,1.55556,2,1,12.5,0,3,37.5,0
HybridRV_854,204-204-249-204-204-204-153-204,144,64,80,1.55556,2,1,25,0,2,25,0
HybridRV_754,210-204-29-210-204-204-204-204,64,24,40,4.125,6,3,9.375,0,3,37.5,0
HybridRV_55,204-0-204-153-105-204-204-153,32,0,32,2,2,2,0,0,4,50,0
HybridRV_354,204-159-86-204-204-204-75-226,58,24,34,2.31034,6,2,9.375,0,4,50,0
HybridRV_455,170-215-204-204-204-204-204-6,88,48,40,1.90909,3,2,18.75,0,3,37.5,0
HybridRV_554,204-204-120-204-184-246-204-159,76,16,60,1.78947,2,3,6.25,0,4,50,0
HybridRV_156,116-204-95-245-204-204-184-15,36,5,31,5.83333,12,3,1.95312,0,5,62.5,0
HybridRV_257,204-204-204-71-246-231-204-46,72,8,64,2.44444,3,2,3.125,0,4,50,0
HybridRV_655,249-60-126-204-204-225-45-204,20,4,16,1.8,2,3,1.5625,0,5,62.5,0
HybridRV_955,204-204-204-204-135-106-204-204,96,64,32,1.33333,2,2,25,0,2,25,0
HybridRV_855,126-36-45-149-204-71-204-126,41,14,27,2.02439,3,5,5.46875,0,6,75,0
HybridRV_755,125-204-204-204-204-204-169-204,128,96,32,1.25,2,1,37.5,0,2,25,0
HybridRV_56,204-226-90-210-225-204-175-204,50,4,46,5.24,8,5,1.5625,0,5,62.5,0
HybridRV_355,204-204-204-149-190-250-204-231,44,36,8,1.18182,2,4,14.0625,0,4,50,0
HybridRV_456,204-90-90-169-125-215-209-204,26,4,22,6.34615,8,11,1.5625,0,6,75,0
HybridRV_555,71-204-245-126-246-85-204-175,14,2,12,3.57143,6,5,0.78125,0,6,75,0
HybridRV_157,153-20-204-210-231-144-154-204,25,0,25,4.36,7,5,0,0,6,75,0
HybridRV_258,189-135-160-255-204-249-204-180,20,4,16,1.8,2,6,1.5625,0,6,75,0
HybridRV_656,250-204-204-195-204-204-204-204,128,64,64,1.5,2,1,25,0,2,25,0
HybridRV_956,204-204-204-240-204-159-0-106,24,8,16,1.66667,2,2,3.125,0,4,50,0
HybridRV_856,204-89-170-36-204-204-180-204,61,8,53,2.42623,4,4,3.125,0,4,50,0
HybridRV_756,195-60-175-204-204-85-204-204,64,0,64,4,4,1,0,0,4,50,0
HybridRV_57,106-204-169-204-204-204-204-204,96,64,32,1.33333,2,1,25,0,2,25,0
HybridRV_356,250-250-86-204-120-204-15-204,18,14,4,1.22222,2,5,5.46875,0,5,62.5,0
HybridRV_457,204-40-89-195-204-249-204-204,54,16,38,2.88889,4,3,6.25,0,4,50,0
HybridRV_556,65-29-165-96-5-204-9-204,31,8,23,2.51613,4,8,3.125,0,6,75,0
HybridRV_158,235-209-95-204-204-204-0-204,64,16,48,1.75,2,2,6.25,0,4,50,0
HybridRV_259,204-204-126-204-139-204-204-111,92,36,56,1.6087,2,1,14.0625,0,3,37.5,0
HybridRV_657,204-204-96-95-159-204-204-111,62,24,38,1.83871,3,3,9.375,0,4,50,0
HybridRV_957,204-204-204-226-75-204-246-204,88,24,64,2.72727,6,3,9.375,0,3,37.5,0
HybridRV_857,204-204-130-204-46-204-204-10,72,32,40,1.55556,2,1,12.5,0,3,37.5,0
HybridRV_757,40-204-204-204-15-204-204-204,96,96,0,1,1,1,37.5,0,2,25,1
HybridRV_58,204-231-126-210-204-204-204-144,48,4,44,3.375,6,3,1.5625,0,4,50,0
HybridRV_357,111-116-204-250-204-204-204-184,36,4,32,1.88889,2,2,1.5625,0,4,50,0
HybridRV_458,204-150-90-204-15-235-204-246,80,12,68,3.5,6,1,4.6875,0,5,62.5,0
HybridRV_557,195-9-102-204-165-204-204-204,64,0,64,2,2,2,0,0,4,50,0
HybridRV_159,204-85-204-135-204-0-250-75,48,8,40,3.33333,6,1,3.125,0,5,62.5,0
HybridRV_260,204-160-166-106-95-60-204-184,35,1,34,5.74286,6,7,0.390625,0,6,75,0
HybridRV_658,15-204-204-153-204-189-204-20,96,0,96,2,2,1,0,0,4,50,0
HybridRV_958,204-204-190-204-153-90-204-204,112,32,80,2.57143,6,1,12.5,0,3,37.5,0
HybridRV_858,96-195-219-204-40-204-102-204,40,0,40,2,2,3,0,0,5,62.5,0
HybridRV_758,204-204-204-204-204-204-180-66,160,96,64,1.4,2,2,37.5,0,2,25,0
HybridRV_59,96-204-225-204-204-204-204-195,96,32,64,1.66667,2,1,12.5,0,3,37.5,0
HybridRV_358,204-215-255-204-204-105-139-204,56,16,40,2.42857,6,3,6.25,0,4,50,0
HybridRV_459,210-85-139-85-204-105-5-204,38,1,37,3.63158,6,4,0.390625,0,6,75,0
HybridRV_558,204-204-204-130-71-105-249-10,36,0,36,5,6,8,0,0,5,62.5,0
HybridRV_160,149-204-204-45-204-204-204-204,96,64,32,1.33333,2,1,25,0,2,25,0
HybridRV_261,204-204-204-40-204-204-106-204,120,64,56,1.46667,2,1,25,0,2,25,0
HybridRV_659,96-15-139-231-204-204-154-40,15,3,12,1.8,2,3,1.17188,0,6,75,0
HybridRV_959,204-111-204-204-45-144-249-204,40,20,20,1.5,2,3,7.8125,0,4,50,0
HybridRV_859,219-130-204-235-190-204-204-204,40,8,32,3.4,6,3,3.125,0,4,50,0
HybridRV_759,204-204-204-95-245-204-204-204,64,48,16,1.75,4,2,18.75,0,2,25,0
HybridRV_60,255-204-30-139-204-204-204-249,36,8,28,1.77778,2,3,3.125,0,4,50,0
HybridRV_359,204-102-204-30-204-129-150-204,72,20,52,2.27778,6,3,7.8125,0,4,50,0
HybridRV_460,209-204-204-204-184-204-5-15,74,10,64,1.86486,2,2,3.90625,0,4,50,0
HybridRV_559,249-204-225-6-15-75-204-150,52,8,44,4.30769,8,5,3.125,0,6,75,0
HybridRV_161,204-169-235-204-116-29-24-245,22,9,13,1.90909,3,4,3.51562,0,6,75,0
HybridRV_262,204-204-66-204-204-204-129-215,68,48,20,1.29412,2,2,18.75,0,3,37.5,0
HybridRV_660,101-204-210-240-209-246-89-204,13,4,9,2.53846,4,6,1.5625,0,6,75,0
HybridRV_960,204-184-226-195-46-125-204-170,23,6,17,2.13043,3,6,2.34375,0,6,75,0
HybridRV_860,125-153-204-10-175-101-204-204,36,12,24,2.33333,4,5,4.6875,0,5,62.5,0
HybridRV_760,60-169-204-204-135-204-204-204,120,64,56,1.46667,2,1,25,0,3,37.5,0
HybridRV_61,204-10-204-209-204-46-204-120,36,12,24,1.66667,2,1,4.6875,0,4,50,0
HybridRV_360,166-204-204-204-96-209-204-204,92,24,68,2.17391,6,2,9.375,0,3,37.5,0
HybridRV_461,15-204-6-204-204-204-204-204,96,64,32,1.33333,2,1,25,0,2,25,0
HybridRV_560,159-204-204-204-101-204-219-204,72,24,48,1.66667,2,1,9.375,0,3,37.5,0
HybridRV_162,6-204-204-204-226-225-102-204,96,20,76,2.45833,6,5,7.8125,0,4,50,0
HybridRV_263,204-139-215-204-139-204-204-204,72,36,36,1.5,2,3,14.0625,0,3,37.5,0
HybridRV_661,144-204-150-96-240-204-153-204,56,8,48,2.92857,6,5,3.125,0,5,62.5,0
HybridRV_961,9-24-204-150-90-219-204-204,76,6,70,5.68421,15,4,2.34375,0,5,62.5,0
HybridRV_861,30-125-166-105-105-204-204-175,34,4,30,7,9,7,1.5625,0,6,75,0
HybridRV_761,170-195-204-166-135-204-0-204,104,6,98,5.03846,12,2,2.34375,0,5,62.5,0
HybridRV_62,204-204-204-204-111-204-159-204,112,64,48,1.42857,2,1,25,0,2,25,0
HybridRV_361,125-204-66-204-204-65-204-195,92,28,64,1.69565,2,1,10.9375,0,4,50,0
HybridRV_462,204-204-170-204-204-160-204-106,48,48,0,1,1,1,18.75,0,3,37.5,1
HybridRV_561,95-29-85-36-204-204-255-46,12,2,10,2.33333,3,3,0.78125,0,6,75,0
HybridRV_163,226-40-24-204-95-204-85-204,20,12,8,1.4,2,3,4.6875,0,5,62.5,0
HybridRV_264,204-204-189-204-204-130-204-204,120,64,56,1.46667,2,1,25,0,2,25,0
HybridRV_662,204-204-204-71-180-204-96-204,72,24,48,2.55556,6,3,9.375,0,3,37.5,0
HybridRV_962,90-204-204-204-204-204-204-106,96,96,0,1,1,1,37.5,0,2,25,1
HybridRV_862,204-86-204-204-204-204-204-96,128,96,32,1.25,2,1,37.5,0,2,25,0
HybridRV_762,225-189-204-235-204-126-204-204,64,16,48,1.75,2,2,6.25,0,4,50,0
HybridRV_63,204-66-204-209-40-36-149-209,33,0,33,5.24242,6,5,0,0,6,75,0
HybridRV_362,105-66-46-204-189-190-46-204,39,1,38,3.07692,6,3,0.390625,0,6,75,0
HybridRV_463,89-204-204-250-204-120-111-184,40,4,36,1.9,2,4,1.5625,0,5,62.5,0
HybridRV_562,86-204-75-71-195-170-204-101,42,6,36,2.28571,3,3,2.34375,0,6,75,0
HybridRV_164,226-125-15-169-204-45-204-204,44,8,36,1.81818,2,3,3.125,0,5,62.5,0
HybridRV_265,204-204-125-130-65-86-204-45,14,6,8,1.57143,2,4,2.34375,0,5,62.5,0
HybridRV_663,204-190-101-204-204-125-204-166,64,24,40,1.625,2,2,9.375,0,4,50,0
HybridRV_963,249-89-204-20-175-204-235-5,31,2,29,4.64516,6,3,0.78125,0,6,75,0
HybridRV_863,204-106-204-255-184-129-204-166,46,4,42,3.04348,6,2,1.5625,0,5,62.5,0
HybridRV_763,204-204-204-204-170-245-235-204,80,64,16,1.2,2,5,25,0,3,37.5,0
HybridRV_64,204-165-204-204-225-144-165-204,60,16,44,2.33333,3,3,6.25,0,4,50,0
HybridRV_363,150-204-209-89-71-204-101-255,32,2,30,1.9375,2,4,0.78125,0,6,75,0
HybridRV_464,204-129-204-204-154-204-204-160,72,32,40,1.55556,2,1,12.5,0,3,37.5,0
HybridRV_563,144-204-226-204-204-153-29-135,36,8,28,1.77778,2,4,3.125,0,5,62.5,0
HybridRV_165,36-204-204-204-204-0-204-204,96,96,0,1,1,1,37.5,0,2,25,1
HybridRV_266,204-204-166-204-204-36-204-204,120,64,56,1.46667,2,1,25,0,2,25,0
HybridRV_664,189-126-204-204-204-204-24-120,80,24,56,2.85,6,2,9.375,0,4,50,0
HybridRV_964,204-129-120-204-90-204-250-204,32,20,12,1.75,3,3,7.8125,0,4,50,0
HybridRV_864,204-204-204-180-66-204-204-204,144,64,80,1.77778,3,2,25,0,2,25,0
HybridRV_764,195-246-209-75-204-170-204-204,40,0,40,3.6,4,5,0,0,5,62.5,0
HybridRV_65,204-139-215-65-130-101-204-245,23,7,16,1.69565,2,6,2.73438,0,6,75,0
HybridRV_364,204-204-9-250-204-5-111-166,22,14,8,1.72727,3,4,5.46875,0,5,62.5,0
HybridRV_465,204-189-204-204-204-105-204-204,144,64,80,1.55556,2,1,25,0,2,25,0
HybridRV_564,154-154-204-204-154-90-15-75,44,0,44,10.1818,14,3,0,0,6,75,0
HybridRV_166,184-246-204-204-204-130-204-111,104,48,56,1.53846,2,1,18.75,0,4,50,0
HybridRV_267,160-66-96-165-204-111-85-204,14,4,10,1.71429,2,4,1.5625,0,6,75,0
HybridRV_665,15-210-10-102-129-204-204-120,10,10,0,1,1,4,3.90625,0,6,75,1
HybridRV_965,204-204-204-204-175-116-204-204,96,64,32,1.33333,2,2,25,0,2,25,0
HybridRV_865,204-204-209-189-126-40-204-204,44,12,32,2.45455,3,4,4.6875,0,4,50,0
HybridRV_765,204-204-204-24-204-204-139-20,84,32,52,2.38095,6,2,12.5,0,3,37.5,0
HybridRV_66,20-215-204-204-204-204-180-89,72,8,64,1.88889,2,2,3.125,0,4,50,0
HybridRV_365,86-46-204-204-204-204-204-204,128,64,64,2,3,2,25,0,2,25,0
HybridRV_466,210-9-204-204-204-40-75-36,40,2,38,3.7,6,4,0.78125,0,5,62.5,0
HybridRV_565,204-85-30-204-40-204-29-204,104,22,82,2.23077,6,1,8.59375,0,4,50,0
HybridRV_167,204-204-169-204-130-204-204-204,128,80,48,1.375,2,1,31.25,0,2,25,0
HybridRV_268,204-85-46-90-204-190-89-65,64,6,58,3.3125,6,3,2.34375,0,6,75,0
HybridRV_666,204-219-204-154-36-105-126-36,14,5,9,1.64286,2,6,1.95312,0,6,75,0
HybridRV_966,204-195-255-149-65-170-195-204,40,0,40,3.5,6,4,0,0,6,75,0
HybridRV_866,204-111-226-204-36-204-204-6,64,39,25,2.15625,6,2,15.2344,0,4,50,0
HybridRV_766,204-71-106-80-9-215-204-184,28,7,21,2.25,4,5,2.73438,0,6,75,0
HybridRV_67,204-204-139-129-204-144-204-204,108,24,84,2,3,2,9.375,0,3,37.5,0
HybridRV_366,204-250-204-159-204-190-204-204,72,24,48,1.66667,2,1,9.375,0,3,37.5,0
HybridRV_467,204-204-169-204-130-204-166-204,96,40,56,1.58333,2,1,15.625,0,3,37.5,0
HybridRV_566,204-231-204-204-204-204-235-204,120,64,56,1.46667,2,1,25,0,2,25,0
HybridRV_168,204-144-86-139-0-20-204-46,25,15,10,1.4,2,4,5.85938,0,6,75,0
HybridRV_269,204-204-226-204-204-116-204-204,120,64,56,1.46667,2,1,25,0,2,25,0
HybridRV_667,204-204-204-15-250-226-204-204,64,48,16,1.25,2,3,18.75,0,3,37.5,0
HybridRV_967,204-204-204-116-150-219-204-204,80,24,56,2.3,4,3,9.375,0,3,37.5,0
HybridRV_867,215-204-204-189-204-204-204-204,112,32,80,1.71429,2,1,12.5,0,2,25,0
HybridRV_767,204-246-195-204-111-204-204-204,72,48,24,1.33333,2,2,18.75,0,3,37.5,0
HybridRV_68,204-80-24-204-106-60-71-204,36,5,31,2.66667,6,3,1.95312,0,5,62.5,0
HybridRV_367,105-215-71-5-204-125-175-204,27,15,12,1.44444,2,5,5.85938,0,6,75,0
HybridRV_468,66-184-180-204-90-204-219-204,42,12,30,1.71429,2,5,4.6875,0,5,62.5,0
HybridRV_567,204-29-204-5-204-209-5-225,36,8,28,1.77778,2,3,3.125,0,5,62.5,0
HybridRV_169,204-204-204-204-204-126-102-204,128,64,64,1.5,2,2,25,0,2,25,0
HybridRV_270,209-204-0-111-204-204-175-165,30,2,28,3.53333,4,2,0.78125,0,5,62.5,0
HybridRV_668,180-204-204-204-125-106-204-139,62,6,56,1.90323,2,2,2.34375,0,4,50,0
HybridRV_968,204-204-204-204-204-75-71-170,48,48,0,1,1,3,18.75,0,3,37.5,1
HybridRV_868,40-30-80-120-204-126-204-150,50,10,40,2.88,6,3,3.90625,0,6,75,0
HybridRV_768,105-204-204-204-204-204-190-204,144,64,80,1.55556,2,1,25,0,2,25,0
HybridRV_69,204-204-204-66-149-204-144-6,64,20,44,2,3,3,7.8125,0,4,50,0
HybridRV_368,204-204-204-204-204-165-226-204,112,64,48,1.71429,3,3,25,0,2,25,0
HybridRV_469,245-204-101-204-106-190-160-204,30,11,19,1.93333,3,4,4.29688,0,5,62.5,0
HybridRV_568,204-66-130-204-204-204-85-6,68,32,36,1.82353,3,2,12.5,0,4,50,0
HybridRV_170,111-204-204-249-169-204-0-204,28,16,12,1.85714,3,2,6.25,0,4,50,0
HybridRV_271,204-204-6-204-204-235-255-246,24,16,8,1.33333,2,2,6.25,0,4,50,0
HybridRV_669,204-225-96-95-235-170-80-204,32,6,26,3.625,6,6,2.34375,0,6,75,0
HybridRV_969,15-204-204-5-204-204-204-89,48,16,32,1.66667,2,1,6.25,0,3,37.5,0
HybridRV_869,111-125-105-204-15-204-111-95,12,1,11,4.16667,6,4,0.390625,0,6,75,0
HybridRV_769,204-204-204-204-20-204-204-125,96,64,32,1.33333,2,1,25,0,2,25,0
HybridRV_70,204-153-149-0-204-204-250-204,16,16,0,1,1,4,6.25,0,4,50,1
HybridRV_369,204-5-111-204-215-30-204-204,70,18,52,1.97143,3,2,7.03125,0,4,50,0
HybridRV_470,204-170-204-204-204-204-255-204,64,64,0,1,1,1,25,0,2,25,1
HybridRV_569,255-204-40-95-29-210-195-204,8,0,8,2,2,10,0,0,6,75,0
HybridRV_171,169-166-204-226-250-204-40-159,28,3,25,4,6,3,1.17188,0,6,75,0
HybridRV_272,204-139-204-204-111-102-165-96,60,4,56,4.4,6,3,1.5625,0,5,62.5,0
HybridRV_670,120-5-204-204-80-189-169-204,10,10,0,1,1,5,3.90625,0,5,62.5,1
HybridRV_970,204-226-204-204-29-165-204-204,86,32,54,2.13953,6,3,12.5,0,3,37.5,0
HybridRV_870,204-96-116-180-226-175-30-204,21,0,21,2.80952,3,12,0,0,6,75,0
HybridRV_770,250-180-204-90-15-105-175-204,90,8,82,6,12,1,3.125,0,6,75,0
HybridRV_71,204-129-125-204-130-204-204-204,68,48,20,1.29412,2,3,18.75,0,3,37.5,0
HybridRV_370,29-204-204-204-20-235-204-204,80,36,44,1.8,3,2,14.0625,0,3,37.5,0
HybridRV_471,204-204-204-204-204-46-71-90,32,16,16,2,3,4,6.25,0,3,37.5,0
HybridRV_570,204-204-204-86-204-86-204-204,128,64,64,1.5,2,1,25,0,2,25,0
HybridRV_172,135-9-180-204-105-204-204-204,44,24,20,1.45455,2,4,9.375,0,4,50,0
HybridRV_273,204-204-102-139-204-10-204-204,64,32,32,1.5,2,3,12.5,0,3,37.5,0
HybridRV_671,126-149-204-204-235-195-249-130,20,6,14,1.7,2,3,2.34375,0,6,75,0
HybridRV_971,204-10-204-46-24-204-66-204,54,22,32,1.59259,2,2,8.59375,0,4,50,0
HybridRV_871,204-184-225-204-245-6-204-204,52,24,28,1.53846,2,3,9.375,0,4,50,0
HybridRV_771,204-204-60-204-204-204-71-204,144,64,80,1.55556,2,1,25,0,2,25,0
HybridRV_72,36-204-204-204-153-165-204-204,128,48,80,2.25,3,1,18.75,0,3,37.5,0
HybridRV_371,204-24-204-204-66-204-204-204,120,64,56,1.46667,2,1,25,0,2,25,0
HybridRV_472,204-45-204-85-226-226-5-204,16,4,12,2.75,6,6,1.5625,0,5,62.5,0
HybridRV_571,204-105-249-204-170-15-135-184,21,0,21,6.28571,12,6,0,0,6,75,0
HybridRV_173,204-101-204-169-190-125-89-204,23,8,15,2.69565,6,6,3.125,0,5,62.5,0
HybridRV_274,204-204-204-204-204-204-75-125,64,64,0,1,1,2,25,0,2,25,1
HybridRV_672,204-204-15-45-204-204-204-204,96,64,32,1.33333,2,2,25,0,2,25,0
HybridRV_972,130-204-46-245-204-204-30-86,36,9,27,1.75,2,2,3.51562,0,5,62.5,0
HybridRV_872,195-204-231-80-129-204-95-90,42,0,42,5.04762,12,3,0,0,6,75,0
HybridRV_772,80-204-170-204-130-204-86-9,28,8,20,1.71429,2,3,3.125,0,5,62.5,0
HybridRV_73,36-204-204-180-204-180-204-204,100,48,52,1.52,2,1,18.75,0,3,37.5,0
HybridRV_372,95-204-166-249-204-46-96-175,35,5,30,3.05714,6,3,1.95312,0,6,75,0
HybridRV_473,175-231-235-204-204-204-210-209,18,6,12,1.66667,2,2,2.34375,0,5,62.5,0
HybridRV_572,204-204-226-46-204-204-204-204,96,48,48,1.83333,3,2,18.75,0,2,25,0
HybridRV_174,45-204-150-204-66-204-149-204,92,28,64,1.69565,2,1,10.9375,0,4,50,0
HybridRV_275,101-215-20-175-204-24-204-204,18,14,4,1.22222,2,6,5.46875,0,5,62.5,0
HybridRV_673,204-204-204-101-204-204-250-204,96,64,32,1.33333,2,1,25,0,2,25,0
HybridRV_973,149-204-139-204-24-204-71-116,36,10,26,1.72222,2,2,3.90625,0,5,62.5,0
HybridRV_873,204-204-195-204-86-204-204-86,120,48,72,1.6,2,1,18.75,0,3,37.5,0
HybridRV_773,129-204-204-89-60-204-204-89,66,4,62,3.72727,6,2,1.5625,0,4,50,0
HybridRV_74,204-190-249-204-189-85-75-10,32,7,25,3,6,4,2.73438,0,6,75,0
HybridRV_373,204-29-204-204-139-204-184-65,60,16,44,1.73333,2,3,6.25,0,4,50,0
HybridRV_474,246-85-95-204-204-235-0-175,40,8,32,2.6,4,2,3.125,0,6,75,0
HybridRV_573,5-195-204-204-204-204-204-89,96,16,80,3,6,1,6.25,0,3,37.5,0
HybridRV_175,29-159-204-204-204-204-204-204,160,128,32,1.2,2,1,50,0,2,25,0
HybridRV_276,204-20-204-204-24-204-204-15,72,32,40,1.55556,2,1,12.5,0,3,37.5,0
HybridRV_674,255-204-204-45-204-15-204-204,48,32,16,1.33333,2,1,12.5,0,3,37.5,0
HybridRV_974,204-204-166-204-90-204-204-80,48,32,16,1.33333,2,1,12.5,0,3,37.5,0
HybridRV_874,204-204-204-204-154-204-129-204,128,80,48,1.375,2,1,31.25,0,2,25,0
HybridRV_774,120-240-204-204-204-204-209-60,56,32,24,1.42857,2,3,12.5,0,4,50,0
HybridRV_75,204-144-215-135-204-65-235-204,32,11,21,2.375,6,4,4.29688,0,5,62.5,0
HybridRV_374,204-204-225-29-204-204-135-249,90,8,82,2.97778,6,2,3.125,0,4,50,0
HybridRV_475,204-204-210-126-66-204-204-102,80,48,32,1.4,2,3,18.75,0,4,50,0
HybridRV_574,102-149-190-204-95-75-204-204,56,24,32,1.78571,3,3,9.375,0,5,62.5,0
HybridRV_176,204-204-45-102-204-105-86-204,66,16,50,2.24242,6,3,6.25,0,4,50,0
HybridRV_277,204-75-204-204-204-105-204-204,144,64,80,1.55556,2,1,25,0,2,25,0
HybridRV_675,204-204-86-226-204-204-204-204,96,48,48,2,3,3,18.75,0,2,25,0
HybridRV_975,204-20-204-126-170-101-30-154,12,0,12,2,2,7,0,0,6,75,0
HybridRV_875,204-30-204-204-204-106-204-204,120,64,56,1.46667,2,1,25,0,2,25,0
HybridRV_775,204-204-204-204-204-165-204-126,96,96,0,1,1,1,37.5,0,2,25,1
HybridRV_76,105-204-215-204-204-204-95-85,48,24,24,1.5,2,2,9.375,0,4,50,0
HybridRV_375,204-144-75-204-249-204-204-204,88,24,64,2,3,2,9.375,0,3,37.5,0
HybridRV_476,46-29-204-204-204-204-246-153,72,0,72,3.11111,4,2,0,0,4,50,0
HybridRV_575,60-106-204-240-153-204-204-219,72,8,64,1.88889,2,1,3.125,0,5,62.5,0
HybridRV_177,204-204-204-204-204-184-65-204,96,48,48,1.5,2,3,18.75,0,2,25,0
HybridRV_278,129-204-15-204-209-210-204-204,54,6,48,3.88889,6,3,2.34375,0,4,50,0
HybridRV_676,149-60-204-130-24-40-204-106,44,10,34,2.90909,6,3,3.90625,0,6,75,0
HybridRV_976,250-126-204-6-250-24-204-180,40,4,36,4.45,6,3,1.5625,0,6,75,0
HybridRV_876,102-65-204-204-190-189-184-166,18,0,18,3.33333,4,5,0,0,6,75,0
HybridRV_776,204-204-250-195-153-255-184-166,48,0,48,4,6,3,0,0,6,75,0
HybridRV_77,139-204-204-90-204-204-150-204,96,16,80,1.83333,2,1,6.25,0,3,37.5,0
HybridRV_376,204-204-29-96-5-204-204-235,62,12,50,2.77419,6,2,4.6875,0,4,50,0
HybridRV_477,130-204-204-130-204-45-204-9,72,4,68,1.94444,2,1,1.5625,0,4,50,0
HybridRV_576,65-204-204-204-235-204-175-204,72,16,56,1.77778,2,1,6.25,0,3,37.5,0
HybridRV_178,231-204-86-204-204-204-65-204,96,16,80,1.83333,2,1,6.25,0,3,37.5,0
HybridRV_279,204-111-204-204-204-246-204-204,120,64,56,1.46667,2,1,25,0,2,25,0
HybridRV_677,204-101-204-46-120-204-95-204,54,22,32,1.59259,2,3,8.59375,0,4,50,0
HybridRV_977,204-204-204-80-204-204-204-90,64,64,0,1,1,1,25,0,2,25,1
HybridRV_877,29-71-235-204-250-0-166-204,20,6,14,1.7,2,4,2.34375,0,6,75,0
HybridRV_777,159-204-29-204-204-204-204-204,96,64,32,1.33333,2,1,25,0,2,25,0
HybridRV_78,245-139-166-66-204-10-129-204,33,7,26,3.33333,6,5,2.73438,0,6,75,0
HybridRV_377,166-204-20-150-204-204-149-120,83,6,77,4.84337,12,3,2.34375,0,5,62.5,0
HybridRV_478,204-225-204-204-204-149-204-204,120,64,56,1.46667,2,1,25,0,2,25,0
HybridRV_577,149-204-204-204-96-204-36-204,72,40,32,1.44444,2,1,15.625,0,3,37.5,0
HybridRV_179,165-139-204-249-204-204-129-90,62,12,50,3.29032,6,2,4.6875,0,5,62.5,0
HybridRV_280,204-165-189-184-85-204-204-204,44,12,32,2.63636,4,6,4.6875,0,4,50,0
HybridRV_678,210-204-204-96-204-204-204-245,72,16,56,1.77778,2,1,6.25,0,3,37.5,0
HybridRV_978,204-204-204-204-169-165-36-204,80,16,64,3.4,5,3,6.25,0,3,37.5,0
HybridRV_878,204-204-150-204-204-246-144-204,88,40,48,1.54545,2,3,15.625,0,3,37.5,0
HybridRV_778,65-204-204-5-75-204-204-235,92,8,84,2.41304,6,2,3.125,0,4,50,0
HybridRV_79,126-204-144-215-204-105-149-209,36,4,32,3.33333,4,3,1.5625,0,6,75,0
HybridRV_378,204-204-210-204-204-204-120-120,84,32,52,2.38095,6,2,12.5,0,3,37.5,0
HybridRV_479,139-204-204-20-204-204-95-120,66,4,62,3.39394,4,2,1.5625,0,4,50,0
HybridRV_578,15-106-219-204-204-204-245-204,48,8,40,2.33333,3,2,3.125,0,4,50,0
HybridRV_180,204-204-175-204-240-204-204-204,64,64,0,1,1,1,25,0,2,25,1
HybridRV_281,225-204-204-6-204-204-116-245,46,4,42,1.91304,2,2,1.5625,0,4,50,0
HybridRV_679,225-60-204-204-215-5-204-204,28,20,8,1.28571,2,3,7.8125,0,4,50,0
HybridRV_979,204-40-204-255-204-209-135-204,60,20,40,2.26667,6,2,7.8125,0,4,50,0
HybridRV_879,245-209-170-204-126-96-86-204,32,1,31,4.1875,6,4,0.390625,0,6,75,0
HybridRV_779,225-6-15-231-204-226-204-90,33,1,32,3.42424,4,4,0.390625,0,6,75,0
HybridRV_80,204-204-245-204-204-204-65-240,64,16,48,2.5,3,3,6.25,0,3,37.5,0
HybridRV_379,204-204-204-204-90-204-154-204,96,64,32,1.33333,2,1,25,0,2,25,0
HybridRV_480,204-204-139-204-204-0-159-246,24,16,8,1.33333,2,2,6.25,0,4,50,0
HybridRV_579,204-165-195-46-246-204-204-235,64,8,56,3.46875,6,5,3.125,0,5,62.5,0
HybridRV_181,71-189-204-144-204-204-204-169,56,0,56,2,2,2,0,0,4,50,0
HybridRV_282,204-125-204-240-170-204-204-204,48,32,16,1.33333,2,1,12.5,0,3,37.5,0
HybridRV_680,204-204-60-184-204-46-120-204,76,18,58,1.76316,2,3,7.03125,0,4,50,0
HybridRV_980,24-204-10-169-204-204-204-5,52,24,28,1.76923,3,2,9.375,0,4,50,0
HybridRV_880,204-204-204-0-204-204-245-204,64,64,0,1,1,1,25,0,2,25,1
HybridRV_780,204-226-204-180-46-215-204-46,35,12,23,3.51429,6,5,4.6875,0,5,62.5,0
HybridRV_81,195-204-204-204-204-204-204-15,128,0,128,2,2,1,0,0,2,25,0
HybridRV_380,195-195-204-204-6-10-10-160,24,0,24,4,4,3,0,0,6,75,0
HybridRV_481,204-204-245-125-204-204-204-15,64,24,40,2,3,2,9.375,0,3,37.5,0
HybridRV_580,245-20-225-204-225-204-204-246,53,3,50,3.60377,6,3,1.17188,0,5,62.5,0
HybridRV_182,204-204-204-204-153-204-86-15,128,64,64,2,6,0,25,1,3,37.5,0
HybridRV_283,204-231-204-45-204-204-204-195,120,40,80,1.66667,2,1,15.625,0,3,37.5,0
HybridRV_681,204-150-204-204-204-180-204-204,144,64,80,1.55556,2,1,25,0,2,25,0
HybridRV_981,95-204-80-204-65-106-71-15,20,4,16,2.4,3,4,1.5625,0,6,75,0
HybridRV_881,105-204-235-204-204-204-204-153,128,0,128,2,2,1,0,0,3,37.5,0
HybridRV_781,204-204-149-204-165-204-240-184,36,8,28,1.77778,2,2,3.125,0,4,50,0
HybridRV_82,204-71-204-204-204-204-204-154,112,32,80,1.71429,2,1,12.5,0,2,25,0
HybridRV_381,231-249-9-204-40-90-204-120,27,0,27,3.66667,6,3,0,0,6,75,0
HybridRV_482,204-204-204-204-120-204-204-169,112,32,80,1.71429,2,1,12.5,0,2,25,0
HybridRV_581,204-160-204-204-40-154-204-204,64,32,32,1.5,2,3,12.5,0,3,37.5,0
HybridRV_183,169-204-170-71-219-204-9-204,58,4,54,4.34483,6,4,1.5625,0,5,62.5,0
HybridRV_284,204-204-6-204-125-149-204-29,62,6,56,1.90323,2,2,2.34375,0,4,50,0
HybridRV_682,204-60-60-111-189-0-204-45,26,0,26,2.84615,4,7,0,0,6,75,0
HybridRV_982,153-204-204-204-204-144-204-204,144,64,80,1.55556,2,1,25,0,2,25,0
HybridRV_882,204-89-111-204-204-95-204-204,64,48,16,1.25,2,3,18.75,0,3,37.5,0
HybridRV_782,86-204-204-204-169-245-204-29,72,12,60,2.27778,6,2,4.6875,0,4,50,0
HybridRV_83,170-204-204-45-189-204-65-204,66,20,46,2.51515,6,2,7.8125,0,4,50,0
HybridRV_382,204-111-210-204-106-120-65-204,52,9,43,3.26923,15,5,3.51562,0,5,62.5,0
HybridRV_483,180-129-204-9-86-166-129-204,23,6,17,3.30435,6,7,2.34375,0,6,75,0
HybridRV_582,204-15-215-204-153-75-204-105,60,8,52,3.06667,6,2,3.125,0,5,62.5,0
HybridRV_184,24-204-204-154-204-204-86-204,96,48,48,1.5,2,1,18.75,0,3,37.5,0
HybridRV_285,204-204-184-65-204-80-204-204,56,24,32,1.57143,2,3,9.375,0,3,37.5,0
HybridRV_683,204-86-86-80-154-159-95-204,16,2,14,3.75,6,10,0.78125,0,6,75,0
HybridRV_983,129-204-184-204-184-66-71-169,39,0,39,2.89744,6,5,0,0,6,75,0
HybridRV_883,160-204-190-15-204-204-126-231,40,6,34,3.5,6,3,2.34375,0,5,62.5,0
HybridRV_783,20-90-204-125-219-204-255-190,32,0,32,3.5,6,3,0,0,6,75,0
HybridRV_84,204-204-120-66-204-204-204-204,96,64,32,1.33333,2,2,25,0,2,25,0
HybridRV_383,204-204-204-46-204-96-204-116,92,52,40,1.43478,2,1,20.3125,0,3,37.5,0
HybridRV_484,204-210-0-190-36-204-135-204,30,10,20,1.66667,2,2,3.90625,0,5,62.5,0
HybridRV_583,204-204-204-111-204-129-126-135,32,20,12,1.375,2,5,7.8125,0,4,50,0
HybridRV_185,204-204-204-204-231-204-204-65,144,64,80,1.55556,2,1,25,0,2,25,0
HybridRV_286,204-226-139-204-204-245-219-102,53,15,38,2.50943,6,2,5.85938,0,5,62.5,0
HybridRV_684,245-204-204-102-204-204-204-204,128,64,64,1.5,2,1,25,0,2,25,0
HybridRV_984,66-15-36-204-9-89-204-29,33,0,33,5.72727,6,3,0,0,6,75,0
HybridRV_884,204-184-255-195-204-10-111-204,32,18,14,1.875,3,3,7.03125,0,5,62.5,0
HybridRV_784,106-106-204-204-204-204-204-204,96,64,32,1.66667,3,2,25,0,2,25,0
HybridRV_85,153-249-105-190-204-204-204-24,44,2,42,3.18182,6,7,0.78125,0,5,62.5,0
HybridRV_384,209-204-139-204-60-255-204-204,72,8,64,1.88889,2,1,3.125,0,4,50,0
HybridRV_485,204-150-120-5-209-86-149-204,19,2,17,5.57895,7,9,0.78125,0,6,75,0
HybridRV_584,204-160-204-210-209-102-195-90,6,6,0,1,1,4,2.34375,0,6,75,1
HybridRV_186,204-65-204-204-204-86-204-149,92,24,68,1.73913,2,1,9.375,0,3,37.5,0
HybridRV_287,204-159-165-66-204-204-204-204,80,40,40,1.9,3,4,15.625,0,3,37.5,0
HybridRV_685,204-240-165-90-204-160-204-204,64,16,48,2.75,4,1,6.25,0,4,50,0
HybridRV_985,204-169-165-204-204-204-204-204,128,64,64,2,4,0,25,1,2,25,0
HybridRV_885,24-204-184-66-144-204-204-204,60,20,40,1.66667,2,3,7.8125,0,4,50,0
HybridRV_785,204-40-204-246-204-204-165-240,128,16,112,2.875,4,1,6.25,0,4,50,0
HybridRV_86,153-204-180-204-204-226-66-204,72,10,62,2.72222,6,3,3.90625,0,4,50,0
HybridRV_385,105-204-105-75-166-204-144-204,36,8,28,3.11111,6,5,3.125,0,5,62.5,0
HybridRV_486,245-40-71-120-204-204-166-204,24,0,24,3.75,6,4,0,0,5,62.5,0
HybridRV_585,204-160-175-190-245-165-204-204,12,8,4,1.33333,2,7,3.125,0,5,62.5,0
HybridRV_187,204-204-204-204-204-204-144-209,96,32,64,1.66667,2,3,12.5,0,2,25,0
HybridRV_288,6-204-204-144-215-245-86-20,36,2,34,3.61111,6,6,0.78125,0,6,75,0
HybridRV_686,204-204-90-209-101-105-204-204,48,16,32,2.16667,3,5,6.25,0,4,50,0
HybridRV_986,225-204-204-120-160-46-89-166,20,4,16,3.15,6,6,1.5625,0,6,75,0
HybridRV_886,204-45-204-204-204-204-10-204,96,64,32,1.33333,2,1,25,0,2,25,0
HybridRV_786,204-9-204-250-116-120-89-204,45,3,42,3.31111,6,5,1.17188,0,5,62.5,0
HybridRV_87,85-204-102-204-190-24-111-96,32,16,16,1.5,2,4,6.25,0,6,75,0
HybridRV_386,204-36-204-204-65-204-111-5,72,16,56,2.77778,6,2,6.25,0,4,50,0
HybridRV_487,204-29-204-45-204-5-204-204,72,24,48,1.66667,2,1,9.375,0,3,37.5,0
HybridRV_586,204-189-204-204-116-166-231-204,53,4,49,2.90566,6,4,1.5625,0,4,50,0
HybridRV_188,40-166-204-249-204-154-20-195,50,5,45,2.6,6,5,1.95312,0,6,75,0
HybridRV_289,204-204-209-204-204-154-204-204,120,64,56,1.46667,2,1,25,0,2,25,0
HybridRV_687,20-204-250-204-204-106-204-159,54,18,36,1.66667,2,1,7.03125,0,4,50,0
HybridRV_987,204-45-175-204-219-166-139-204,44,8,36,3.09091,6,4,3.125,0,5,62.5,0
HybridRV_887,204-20-235-111-204-204-204-153,56,0,56,4.85714,6,4,0,0,4,50,0
HybridRV_787,204-190-101-169-204-71-204-204,54,16,38,1.7037,2,5,6.25,0,4,50,0
HybridRV_88,204-170-165-204-219-204-130-204,112,28,84,2.60714,4,1,10.9375,0,4,50,0
HybridRV_387,90-9-204-130-75-9-204-106,33,3,30,2.69697,3,4,1.17188,0,6,75,0
HybridRV_488,204-96-204-40-204-195-235-204,96,24,72,2.25,4,1,9.375,0,4,50,0
HybridRV_587,65-204-45-175-204-204-215-169,48,0,48,2.625,6,3,0,0,5,62.5,0
HybridRV_189,204-204-125-204-153-204-46-204,112,16,96,1.85714,2,1,6.25,0,3,37.5,0
HybridRV_290,204-204-204-29-204-204-246-125,72,16,56,1.77778,2,1,6.25,0,3,37.5,0
HybridRV_688,204-71-204-204-75-249-249-29,36,0,36,2.66667,4,5,0,0,5,62.5,0
HybridRV_988,45-6-250-0-204-204-204-204,16,16,0,1,1,5,6.25,0,4,50,1
HybridRV_888,153-24-184-30-204-204-204-195,62,0,62,7.41935,10,4,0,0,5,62.5,0
HybridRV_788,204-135-189-246-204-204-204-130,36,20,16,1.44444,2,4,7.8125,0,4,50,0
HybridRV_89,204-116-30-255-204-204-204-204,80,48,32,1.4,2,3,18.75,0,3,37.5,0
HybridRV_388,204-150-204-204-235-204-204-204,144,64,80,1.55556,2,1,25,0,2,25,0
HybridRV_489,45-86-204-204-9-204-204-204,68,48,20,1.29412,2,3,18.75,0,3,37.5,0
HybridRV_588,96-204-204-204-5-204-204-204,64,64,0,1,1,1,25,0,2,25,1
HybridRV_190,15-204-225-204-204-204-204-204,96,64,32,1.33333,2,1,25,0,2,25,0
HybridRV_291,75-180-204-144-125-204-86-204,54,6,48,2.66667,6,2,2.34375,0,5,62.5,0
HybridRV_689,204-102-184-204-9-5-204-204,48,12,36,2,3,3,4.6875,0,4,50,0
HybridRV_989,46-116-204-235-204-20-111-204,47,12,35,1.74468,2,3,4.6875,0,5,62.5,0
HybridRV_889,204-190-120-190-159-105-204-105,24,2,22,3.91667,6,7,0.78125,0,6,75,0
HybridRV_789,120-169-65-95-204-204-231-215,15,2,13,1.86667,2,5,0.78125,0,6,75,0
HybridRV_90,231-116-204-204-204-120-29-85,30,0,30,2.6,3,3,0,0,5,62.5,0
HybridRV_389,204-204-204-130-204-204-106-204,120,64,56,1.46667,2,1,25,0,2,25,0
HybridRV_490,160-126-111-204-204-24-6-245,15,0,15,2,2,3,0,0,6,75,0
HybridRV_589,204-106-204-195-139-204-175-210,59,7,52,1.88136,2,2,2.73438,0,5,62.5,0
HybridRV_191,204-204-204-204-245-139-204-215,64,48,16,1.25,2,2,18.75,0,3,37.5,0
HybridRV_292,204-204-204-149-204-125-20-204,76,20,56,2.10526,3,2,7.8125,0,3,37.5,0
HybridRV_690,204-250-204-204-190-204-60-204,96,32,64,1.66667,2,1,12.5,0,3,37.5,0
HybridRV_990,195-204-204-204-86-204-204-204,128,0,128,2,2,1,0,0,2,25,0
HybridRV_890,204-45-190-75-204-231-45-204,66,5,61,4.33333,12,4,1.95312,0,5,62.5,0
HybridRV_790,204-139-204-204-204-166-204-204,120,64,56,1.46667,2,1,25,0,2,25,0
HybridRV_91,204-15-204-204-166-204-255-204,48,32,16,1.33333,2,1,12.5,0,3,37.5,0
HybridRV_390,204-6-126-204-20-204-204-139,67,10,57,2.97015,6,2,3.90625,0,4,50,0
HybridRV_491,204-204-255-204-204-204-195-204,128,64,64,1.5,2,1,25,0,2,25,0
HybridRV_590,250-204-45-86-180-209-204-20,22,0,22,3.81818,6,8,0,0,6,75,0
HybridRV_192,204-204-10-204-204-204-101-204,96,64,32,1.33333,2,1,25,0,2,25,0
HybridRV_293,204-204-204-204-46-85-250-204,56,24,32,2.71429,4,3,9.375,0,3,37.5,0
HybridRV_691,204-204-144-204-101-204-170-204,72,32,40,1.55556,2,1,12.5,0,3,37.5,0
HybridRV_991,246-204-153-170-204-204-153-204,128,16,112,1.875,2,1,6.25,0,4,50,0
HybridRV_891,45-204-204-204-71-204-120-9,74,6,68,1.91892,2,2,2.34375,0,4,50,0
HybridRV_791,159-96-204-204-204-204-204-204,96,64,32,1.33333,2,1,25,0,2,25,0
HybridRV_92,204-209-204-250-204-15-204-204,48,32,16,1.33333,2,1,12.5,0,3,37.5,0
HybridRV_391,125-144-204-101-204-204-204-204,88,32,56,1.63636,2,2,12.5,0,3,37.5,0
HybridRV_492,130-204-204-240-204-46-204-46,54,14,40,1.74074,2,1,5.46875,0,4,50,0
HybridRV_591,246-166-204-154-135-204-209-105,56,4,52,5.42857,12,2,1.5625,0,6,75,0
HybridRV_193,126-204-204-139-65-102-204-204,54,18,36,1.66667,2,4,7.03125,0,4,50,0
HybridRV_294,204-204-120-170-204-204-204-204,80,64,16,1.2,2,2,25,0,2,25,0
HybridRV_692,204-225-66-204-204-204-204-204,96,64,32,1.33333,2,2,25,0,2,25,0
HybridRV_992,204-204-204-153-249-116-71-149,32,16,16,1.5,2,8,6.25,0,5,62.5,0
HybridRV_892,180-204-190-126-204-125-246-204,44,15,29,3.13636,6,3,5.85938,0,5,62.5,0
HybridRV_792,204-86-204-204-189-210-89-60,43,8,35,2.69767,6,5,3.125,0,5,62.5,0
HybridRV_93,204-204-231-195-150-204-80-204,48,24,24,1.5,2,3,9.375,0,4,50,0
HybridRV_392,204-204-204-204-116-150-15-204,64,48,16,1.5,3,6,18.75,0,3,37.5,0
HybridRV_493,120-204-204-160-204-159-20-120,42,0,42,3.57143,4,3,0,0,5,62.5,0
HybridRV_592,255-215-235-204-204-204-20-231,24,24,0,1,1,3,9.375,0,5,62.5,1
HybridRV_194,225-204-204-204-126-106-245-40,24,0,24,2,2,4,0,0,5,62.5,0
HybridRV_295,204-204-96-30-204-250-204-120,32,20,12,1.75,3,2,7.8125,0,4,50,0
HybridRV_693,204-225-226-6-116-204-204-170,28,14,14,1.71429,3,5,5.46875,0,5,62.5,0
HybridRV_993,204-15-204-120-245-226-46-225,30,0,30,5.93333,8,6,0,0,6,75,0
HybridRV_893,204-204-204-120-80-204-204-204,80,64,16,1.4,3,2,25,0,2,25,0
HybridRV_793,66-204-204-60-204-246-231-5,28,2,26,1.92857,2,5,0.78125,0,5,62.5,0
HybridRV_94,204-144-9-15-150-204-111-95,36,0,36,4,6,5,0,0,6,75,0
HybridRV_393,204-204-204-219-204-240-204-204,96,64,32,1.33333,2,1,25,0,2,25,0
HybridRV_494,125-116-204-10-204-204-204-9,48,8,40,1.83333,2,2,3.125,0,4,50,0
HybridRV_593,204-139-204-204-106-40-165-204,41,20,21,1.5122,2,5,7.8125,0,4,50,0
HybridRV_195,204-149-105-204-204-204-225-204,80,32,48,2.2,6,2,12.5,0,3,37.5,0
HybridRV_296,86-106-225-204-204-231-204-105,76,4,72,4.36842,6,3,1.5625,0,5,62.5,0
HybridRV_694,0-204-250-204-180-86-24-204,16,10,6,1.75,3,5,3.90625,0,5,62.5,0
HybridRV_994,204-105-249-231-204-204-159-204,58,24,34,1.58621,2,4,9.375,0,4,50,0
HybridRV_894,204-204-24-210-204-204-169-0,66,6,60,3.54545,6,2,2.34375,0,4,50,0
HybridRV_794,135-89-204-204-204-204-204-102,64,32,32,2,3,3,12.5,0,3,37.5,0
HybridRV_95,139-231-204-66-246-6-144-204,20,6,14,1.7,2,4,2.34375,0,6,75,0
HybridRV_394,204-144-150-149-204-102-204-204,60,16,44,2.86667,6,4,6.25,0,4,50,0
HybridRV_495,210-169-245-66-6-204-204-204,48,8,40,1.83333,2,5,3.125,0,5,62.5,0
HybridRV_594,204-204-204-204-215-204-204-46,128,96,32,1.25,2,1,37.5,0,2,25,0
HybridRV_196,204-204-184-106-166-204-170-204,40,16,24,1.6,2,4,6.25,0,4,50,0
HybridRV_297,255-170-71-204-204-210-204-190,48,4,44,4.16667,6,3,1.5625,0,5,62.5,0
HybridRV_695,204-204-139-106-204-204-204-204,112,64,48,1.57143,3,2,25,0,2,25,0
HybridRV_995,204-165-249-204-250-111-204-204,54,14,40,2.66667,6,3,5.46875,0,4,50,0
HybridRV_895,85-204-126-125-180-204-245-210,32,0,32,7.0625,12,4,0,0,6,75,0
HybridRV_795,86-15-204-71-65-204-210-204,68,11,57,3.44118,6,3,4.29688,0,5,62.5,0
HybridRV_96,5-204-204-204-189-204-249-204,72,32,40,1.55556,2,1,12.5,0,3,37.5,0
HybridRV_395,204-210-80-235-159-204-204-95,16,4,12,2.5,3,4,1.5625,0,5,62.5,0
HybridRV_496,95-116-135-95-204-204-204-86,32,12,20,2.875,4,4,4.6875,0,5,62.5,0
HybridRV_595,135-210-144-219-204-125-204-71,27,0,27,4.48148,6,5,0,0,6,75,0
HybridRV_197,240-189-15-204-204-204-204-10,32,32,0,1,1,3,12.5,0,4,50,1
HybridRV_298,106-80-204-166-226-195-204-195,56,4,52,3.75,6,2,1.5625,0,6,75,0
HybridRV_696,29-30-6-89-125-204-204-71,31,15,16,1.51613,2,4,5.85938,0,6,75,0
HybridRV_996,204-204-204-204-204-45-190-204,96,64,32,1.33333,2,3,25,0,2,25,0
HybridRV_896,255-204-95-204-150-184-95-204,26,8,18,2.53846,4,3,3.125,0,5,62.5,0
HybridRV_796,45-204-204-101-71-90-204-180,78,12,66,2.20513,3,4,4.6875,0,5,62.5,0
HybridRV_97,204-204-149-204-175-204-180-139,72,8,64,2.88889,6,1,3.125,0,4,50,0
HybridRV_396,204-204-204-126-159-204-204-204,112,48,64,1.57143,2,2,18.75,0,2,25,0
HybridRV_497,204-125-204-204-204-204-204-60,144,64,80,1.55556,2,1,25,0,2,25,0
HybridRV_596,204-204-204-226-204-204-90-6,68,48,20,1.29412,2,3,18.75,0,3,37.5,0
HybridRV_198,116-204-240-204-130-204-204-85,36,24,12,1.33333,2,1,9.375,0,4,50,0
HybridRV_299,101-175-204-204-204-125-204-40,60,24,36,1.6,2,2,9.375,0,4,50,0
HybridRV_697,204-204-204-184-204-102-204-159,112,32,80,1.71429,2,1,12.5,0,3,37.5,0
HybridRV_997,85-175-204-204-204-106-204-165,60,24,36,1.6,2,2,9.375,0,4,50,0
HybridRV_897,125-204-29-209-184-160-129-204,26,2,24,2.61538,3,7,0.78125,0,6,75,0
HybridRV_797,204-204-219-235-204-15-204-246,36,36,0,1,1,3,14.0625,0,4,50,1
HybridRV_98,96-40-204-219-204-169-169-235,21,9,12,1.57143,2,6,3.51562,0,6,75,0
HybridRV_397,96-75-20-204-180-0-204-255,20,0,20,2.6,3,2,0,0,6,75,0
HybridRV_498,204-204-144-85-30-144-204-101,72,8,64,3.38889,6,3,3.125,0,5,62.5,0
HybridRV_597,204-204-90-204-204-204-204-159,96,32,64,1.66667,2,1,12.5,0,2,25,0
HybridRV_199,36-245-204-116-204-204-204-204,48,32,16,1.33333,2,3,12.5,0,3,37.5,0
HybridRV_698,204-204-204-5-204-210-189-9,56,8,48,2.71429,3,2,3.125,0,4,50,0
HybridRV_998,204-219-204-204-204-95-204-204,96,64,32,1.33333,2,1,25,0,2,25,0
HybridRV_898,255-153-204-166-204-190-204-204,72,16,56,1.77778,2,1,6.25,0,4,50,0
HybridRV_798,204-204-204-204-120-149-204-9,64,24,40,1.625,2,2,9.375,0,3,37.5,0
HybridRV_99,180-204-240-129-45-204-204-226,29,21,8,1.27586,2,4,8.20312,0,5,62.5,0
HybridRV_398,204-204-189-204-106-204-130-90,86,18,68,1.7907,2,2,7.03125,0,4,50,0
HybridRV_499,204-204-29-204-15-46-204-204,64,40,24,1.375,2,2,15.625,0,3,37.5,0
HybridRV_598,154-40-204-204-204-36-204-71,66,20,46,2.39394,6,2,7.8125,0,4,50,0
HybridRV_699,9-204-160-204-120-204-204-204,96,32,64,1.66667,2,1,12.5,0,3,37.5,0
HybridRV_999,120-204-29-204-204-204-204-204,112,80,32,1.28571,2,1,31.25,0,2,25,0
HybridRV_899,204-204-204-204-45-85-204-204,80,64,16,1.2,2,2,25,0,2,25,0
HybridRV_799,204-204-144-204-204-204-204-95,96,64,32,1.33333,2,1,25,0,2,25,0
HybridRV_399,204-116-204-204-204-204-120-204,120,64,56,1.46667,2,1,25,0,2,25,0
HybridRV_599,204-204-204-184-129-20-204-204,48,8,40,2.33333,3,4,3.125,0,3,37.5,0
