RuleVectorID,RuleVector,NumAttractors,NumFixedPointAttractors,NumCyclicAttractors,AvgCycleLength,MaxCycleLength,MaxChainLength,PointAttractorDensity,Reversible,ImpurityCells,ImpurityPercent,isMACA
HybridRV_700,204-86-204-204-204-204-29-204,120,64,56,1.46667,2,1,25,0,2,25,1
HybridRV_900,204-60-204-169-245-165-204-219,56,4,52,2.5,4,5,1.5625,0,5,62.5,1
HybridRV_400,0-231-204-204-204-204-204-204,96,32,64,1.66667,2,2,12.5,0,2,25,1
HybridRV_500,246-204-130-204-189-204-204-125,72,12,60,1.83333,2,1,4.6875,0,4,50,1
HybridRV_800,204-204-204-170-204-204-204-90,64,64,0,1,1,1,25,0,2,25,0
HybridRV_100,204-204-166-126-204-204-169-45,84,6,78,5.21429,12,2,2.34375,0,4,50,1
HybridRV_600,246-204-204-105-204-204-160-204,128,32,96,1.75,2,1,12.5,0,3,37.5,1
HybridRV_300,204-226-204-204-204-204-80-139,84,16,68,1.80952,2,1,6.25,0,3,37.5,1
HybridRV_0,204-165-195-71-226-204-204-204,72,12,60,2.55556,3,4,4.6875,0,4,50,1
HybridRV_200,10-235-126-204-204-226-150-150,12,3,9,1.75,2,5,1.17188,0,6,75,1
HybridRV_701,189-255-204-204-204-204-204-210,64,64,0,1,1,1,25,0,3,37.5,0
HybridRV_901,204-215-204-204-204-204-170-204,96,64,32,1.33333,2,1,25,0,2,25,1
HybridRV_401,210-231-90-204-101-204-184-209,64,0,64,3.90625,6,2,0,0,6,75,1
HybridRV_501,204-204-204-204-204-204-66-120,128,64,64,1.5,2,3,25,0,2,25,1
HybridRV_801,204-204-204-24-86-204-204-204,96,64,32,1.33333,2,2,25,0,2,25,1
HybridRV_101,6-204-66-9-20-204-0-106,20,2,18,2.2,3,4,0.78125,0,6,75,1
HybridRV_601,102-204-166-219-180-210-159-204,30,4,26,2.4,6,9,1.5625,0,6,75,1
HybridRV_301,204-204-204-204-204-30-219-153,64,0,64,3,4,4,0,0,3,37.5,1
HybridRV_1,204-204-204-204-159-204-96-204,128,64,64,1.5,2,1,25,0,2,25,1
HybridRV_201,250-204-204-180-204-204-20-204,72,32,40,1.55556,2,1,12.5,0,3,37.5,1
HybridRV_702,204-235-204-116-154-130-204-204,44,8,36,2.54545,6,5,3.125,0,4,50,1
HybridRV_902,5-226-204-125-111-36-153-204,35,4,31,5.42857,12,4,1.5625,0,6,75,1
HybridRV_402,5-204-204-75-204-204-30-40,48,16,32,1.66667,2,1,6.25,0,4,50,1
HybridRV_502,15-204-204-204-175-75-15-249,20,4,16,1.8,2,4,1.5625,0,5,62.5,1
HybridRV_802,204-204-106-86-250-204-9-190,34,8,26,2.76471,4,4,3.125,0,5,62.5,1
HybridRV_102,240-204-126-175-204-204-204-204,56,24,32,1.57143,2,3,9.375,0,3,37.5,1
HybridRV_602,204-204-5-204-204-204-139-135,64,16,48,2.5,3,3,6.25,0,3,37.5,1
HybridRV_302,204-60-96-226-204-120-246-204,60,12,48,2.95,6,3,4.6875,0,5,62.5,1
HybridRV_2,204-204-204-204-204-6-80-215,48,48,0,1,1,2,18.75,0,3,37.5,0
HybridRV_202,204-204-204-159-245-225-9-184,16,8,8,2,3,6,3.125,0,5,62.5,1
HybridRV_703,204-204-204-204-204-235-204-139,96,32,64,1.66667,2,1,12.5,0,2,25,1
HybridRV_903,210-204-65-40-204-180-204-249,47,1,46,1.97872,2,3,0.390625,0,5,62.5,1
HybridRV_403,190-15-204-226-204-189-86-235,24,7,17,2.08333,3,3,2.73438,0,6,75,1
HybridRV_503,204-75-160-40-130-71-204-144,25,1,24,4.52,6,4,0.390625,0,6,75,1
HybridRV_803,204-204-80-204-204-209-85-204,48,32,16,1.33333,2,2,12.5,0,3,37.5,1
HybridRV_103,204-6-204-204-169-245-204-5,66,24,42,2.18182,6,2,9.375,0,4,50,1
HybridRV_603,215-190-204-139-65-180-71-204,29,0,29,7.93103,12,9,0,0,6,75,1
HybridRV_303,204-204-204-10-215-102-204-85,56,12,44,2,3,2,4.6875,0,4,50,1
HybridRV_3,204-139-29-204-204-204-204-204,96,48,48,1.66667,3,2,18.75,0,2,25,1
HybridRV_203,190-204-204-105-29-40-135-10,14,0,14,3,3,8,0,0,6,75,1
HybridRV_704,204-204-204-101-204-130-20-204,56,36,20,1.35714,2,3,14.0625,0,3,37.5,1
HybridRV_904,204-204-30-80-204-204-204-204,112,64,48,1.71429,3,2,25,0,2,25,1
HybridRV_404,5-204-95-225-204-15-249-66,27,7,20,2.85185,4,2,2.73438,0,6,75,1
HybridRV_504,204-175-204-204-105-204-15-204,64,32,32,1.5,2,1,12.5,0,3,37.5,1
HybridRV_804,160-204-245-150-204-204-246-204,72,16,56,2.77778,6,1,6.25,0,4,50,1
HybridRV_104,204-245-90-153-106-204-29-249,30,3,27,6.53333,12,4,1.17188,0,6,75,1
HybridRV_604,204-204-0-165-204-204-245-204,32,32,0,1,1,2,12.5,0,3,37.5,0
HybridRV_304,204-204-231-204-46-204-204-24,92,20,72,1.78261,2,1,7.8125,0,3,37.5,1
HybridRV_4,204-90-129-30-184-65-204-150,20,4,16,2,3,8,1.5625,0,6,75,1
HybridRV_204,204-204-204-89-204-29-204-204,112,48,64,1.57143,2,1,18.75,0,2,25,1
HybridRV_705,184-150-166-204-5-204-204-204,48,24,24,2,3,3,9.375,0,4,50,1
HybridRV_905,204-150-0-204-204-204-24-204,96,32,64,1.66667,2,1,12.5,0,3,37.5,1
HybridRV_405,40-29-210-0-204-204-40-204,12,8,4,1.33333,2,4,3.125,0,5,62.5,1
HybridRV_505,204-204-204-209-204-80-204-204,96,64,32,1.33333,2,1,25,0,2,25,1
HybridRV_805,154-204-204-159-204-204-204-160,48,32,16,1.33333,2,1,12.5,0,3,37.5,1
HybridRV_105,204-10-204-204-204-204-204-195,128,64,64,1.5,2,1,25,0,2,25,1
HybridRV_605,106-204-166-204-204-204-204-166,72,48,24,1.33333,2,1,18.75,0,3,37.5,1
HybridRV_305,204-46-65-120-215-169-204-204,28,14,14,1.71429,3,7,5.46875,0,5,62.5,1
HybridRV_5,5-204-45-150-204-219-204-36,40,10,30,2.05,3,3,3.90625,0,5,62.5,1
HybridRV_205,204-204-6-204-159-204-204-90,72,32,40,1.55556,2,1,12.5,0,3,37.5,1
HybridRV_706,204-204-204-204-24-204-204-219,112,32,80,1.71429,2,1,12.5,0,2,25,1
HybridRV_906,204-204-170-204-204-154-106-240,88,16,72,3.18182,5,2,6.25,0,4,50,1
HybridRV_406,204-204-226-46-204-60-204-150,92,24,68,2.78261,6,2,9.375,0,4,50,1
HybridRV_506,204-106-204-65-204-204-204-154,92,12,80,1.86957,2,1,4.6875,0,3,37.5,1
HybridRV_806,86-101-85-204-204-250-235-106,32,10,22,2.625,6,4,3.90625,0,6,75,1
HybridRV_106,204-89-225-184-105-204-204-204,44,12,32,2.54545,4,8,4.6875,0,4,50,1
HybridRV_606,204-204-159-15-235-126-135-204,24,8,16,2.16667,3,7,3.125,0,5,62.5,1
HybridRV_306,245-240-204-204-209-204-204-204,96,0,96,4,4,1,0,0,3,37.5,1
HybridRV_6,0-204-189-204-204-204-210-36,36,24,12,1.33333,2,2,9.375,0,4,50,1
HybridRV_206,204-190-135-204-65-40-15-204,30,6,24,7.66667,12,4,2.34375,0,5,62.5,1
HybridRV_707,204-204-204-204-204-0-29-101,96,96,0,1,1,2,37.5,0,3,37.5,0
HybridRV_907,153-30-231-204-204-189-215-169,32,9,23,2.1875,6,3,3.51562,0,6,75,1
HybridRV_407,225-246-190-204-153-204-215-189,52,0,52,4.57692,6,2,0,0,6,75,1
HybridRV_507,135-135-0-204-195-204-89-6,58,6,52,1.89655,2,2,2.34375,0,6,75,1
HybridRV_807,65-90-204-105-105-71-190-204,41,0,41,6.07317,12,8,0,0,6,75,1
HybridRV_107,116-204-204-135-204-90-45-204,112,24,88,2.75,6,1,9.375,0,4,50,1
HybridRV_607,139-204-204-219-166-204-0-89,48,0,48,2,2,2,0,0,5,62.5,1
HybridRV_307,204-204-204-184-180-204-204-225,100,40,60,2,6,2,15.625,0,3,37.5,1
HybridRV_7,102-219-250-6-204-150-204-80,16,0,16,2,2,6,0,0,6,75,1
HybridRV_207,204-204-160-204-75-225-10-204,48,16,32,2.33333,4,4,6.25,0,4,50,1
HybridRV_708,246-204-225-204-60-24-85-204,52,0,52,2,2,3,0,0,5,62.5,1
HybridRV_908,231-204-46-75-15-85-204-250,24,4,20,8.5,10,2,1.5625,0,6,75,1
HybridRV_408,204-204-5-204-226-204-204-240,48,32,16,1.33333,2,1,12.5,0,3,37.5,1
HybridRV_508,116-226-226-204-154-46-204-204,24,4,20,2.16667,3,4,1.5625,0,5,62.5,1
HybridRV_808,160-150-129-204-126-126-204-184,18,2,16,1.88889,2,4,0.78125,0,6,75,1
HybridRV_108,204-165-204-135-204-204-135-204,72,32,40,1.55556,2,1,12.5,0,3,37.5,1
HybridRV_608,204-204-204-204-204-106-184-204,112,80,32,1.28571,2,3,31.25,0,2,25,1
HybridRV_308,204-90-154-204-150-246-204-153,59,0,59,4.0339,6,3,0,0,5,62.5,1
HybridRV_8,204-40-204-215-169-204-204-204,84,32,52,1.61905,2,3,12.5,0,3,37.5,1
HybridRV_208,6-204-160-204-204-30-190-65,24,12,12,1.5,2,5,4.6875,0,5,62.5,1
HybridRV_709,204-102-85-204-204-219-111-160,32,16,16,1.5,2,3,6.25,0,5,62.5,1
HybridRV_909,36-149-204-29-102-204-204-204,52,20,32,1.61538,2,3,7.8125,0,4,50,1
HybridRV_409,116-30-126-106-204-135-170-204,19,4,15,1.78947,2,6,1.5625,0,6,75,1
HybridRV_509,60-204-204-154-235-111-0-165,20,20,0,1,1,4,7.8125,0,6,75,0
HybridRV_809,86-10-204-120-204-65-226-204,68,8,60,3.38235,6,2,3.125,0,5,62.5,1
HybridRV_109,106-204-204-204-15-204-204-204,64,64,0,1,1,1,25,0,2,25,0
HybridRV_609,130-204-204-204-75-154-184-71,22,8,14,1.63636,2,6,3.125,0,5,62.5,1
HybridRV_309,204-30-209-204-231-154-204-204,76,20,56,2.44737,6,3,7.8125,0,4,50,1
HybridRV_9,204-204-245-204-204-225-226-153,64,0,64,5,6,4,0,0,4,50,1
HybridRV_209,36-231-204-249-204-102-204-139,64,0,64,2,2,2,0,0,5,62.5,1
HybridRV_710,204-60-180-75-60-40-204-255,33,4,29,4.09091,8,8,1.5625,0,6,75,1
HybridRV_910,240-204-189-204-204-204-204-169,72,16,56,1.77778,2,1,6.25,0,3,37.5,1
HybridRV_410,102-125-111-204-204-204-60-204,60,16,44,1.73333,2,3,6.25,0,4,50,1
HybridRV_510,204-189-204-255-204-204-204-204,96,64,32,1.33333,2,1,25,0,2,25,1
HybridRV_810,204-219-245-204-204-170-204-40,28,20,8,1.28571,2,3,7.8125,0,4,50,1
HybridRV_110,24-204-204-204-204-24-204-204,128,96,32,1.25,2,1,37.5,0,2,25,1
HybridRV_610,130-204-29-204-204-24-116-180,44,6,38,3.13636,4,5,2.34375,0,5,62.5,1
HybridRV_310,60-129-204-101-204-36-204-204,100,44,56,1.56,2,1,17.1875,0,4,50,1
HybridRV_10,149-204-204-204-204-204-210-240,64,32,32,1.5,2,3,12.5,0,3,37.5,1
HybridRV_210,204-204-105-126-219-204-10-184,36,8,28,3.16667,6,5,3.125,0,5,62.5,1
HybridRV_711,231-204-36-189-204-204-85-190,66,6,60,4.36364,6,3,2.34375,0,5,62.5,1
HybridRV_911,204-204-139-204-190-166-154-80,56,12,44,2.03571,3,6,4.6875,0,5,62.5,1
HybridRV_411,215-204-204-204-235-175-204-204,60,12,48,2.8,6,3,4.6875,0,3,37.5,1
HybridRV_511,204-30-204-204-120-30-204-204,94,32,62,2.12766,6,3,12.5,0,3,37.5,1
HybridRV_811,130-166-204-204-175-204-126-80,30,4,26,3.66667,6,2,1.5625,0,5,62.5,1
HybridRV_111,204-46-204-89-65-215-144-120,18,0,18,4,6,8,0,0,6,75,1
HybridRV_611,204-249-204-190-204-226-45-249,52,0,52,3.53846,4,4,0,0,5,62.5,1
HybridRV_311,204-204-169-204-204-204-204-80,96,64,32,1.33333,2,1,25,0,2,25,1
HybridRV_11,204-204-90-204-204-29-71-204,56,40,16,1.28571,2,3,15.625,0,3,37.5,1
HybridRV_211,189-204-15-204-204-204-204-204,96,96,0,1,1,1,37.5,0,2,25,0
HybridRV_712,204-60-190-245-204-30-80-150,36,6,30,2.66667,6,5,2.34375,0,6,75,1
HybridRV_912,204-46-204-204-204-15-102-5,96,16,80,3.33333,6,1,6.25,0,4,50,1
HybridRV_412,204-204-204-204-45-166-204-204,80,64,16,1.2,2,2,25,0,2,25,1
HybridRV_512,204-204-204-204-204-120-159-204,112,64,48,1.42857,2,2,25,0,2,25,1
HybridRV_812,204-204-184-204-204-204-116-204,120,64,56,1.46667,2,1,25,0,2,25,1
HybridRV_112,126-204-180-153-85-204-204-166,45,21,24,1.53333,2,3,8.20312,0,5,62.5,1
HybridRV_612,204-246-126-204-29-204-175-210,56,10,46,2.78571,6,2,3.90625,0,5,62.5,1
HybridRV_312,0-204-204-204-9-0-204-250,24,8,16,1.66667,2,1,3.125,0,4,50,1
HybridRV_12,204-190-204-5-204-101-226-159,36,0,36,4,6,4,0,0,5,62.5,1
HybridRV_212,204-46-204-204-204-10-204-250,48,32,16,1.33333,2,1,12.5,0,3,37.5,1
HybridRV_713,189-204-204-204-204-204-111-175,88,48,40,1.90909,3,2,18.75,0,3,37.5,1
HybridRV_913,204-125-204-154-204-0-204-45,40,16,24,1.6,2,1,6.25,0,4,50,1
HybridRV_413,204-204-135-204-204-204-204-170,96,64,32,1.33333,2,1,25,0,2,25,1
HybridRV_513,204-180-204-204-180-60-204-204,84,32,52,2.38095,6,2,12.5,0,3,37.5,1
HybridRV_813,139-204-204-180-170-204-85-20,62,4,58,4.25806,6,2,1.5625,0,5,62.5,1
HybridRV_113,86-9-204-86-125-90-219-204,26,6,20,2.76923,5,6,2.34375,0,6,75,1
HybridRV_613,71-204-75-204-180-204-215-204,73,3,70,1.9589,2,1,1.17188,0,4,50,1
HybridRV_313,204-204-159-80-40-154-204-125,22,6,16,2.27273,3,5,2.34375,0,5,62.5,1
HybridRV_13,65-204-189-204-225-144-204-85,50,4,46,2.88,6,2,1.5625,0,5,62.5,1
HybridRV_213,215-204-184-204-75-250-129-255,28,6,22,1.78571,2,3,2.34375,0,6,75,1
HybridRV_714,204-204-255-204-204-204-204-45,64,64,0,1,1,1,25,0,2,25,0
HybridRV_914,204-71-204-204-204-204-153-204,144,64,80,1.55556,2,1,25,0,2,25,1
HybridRV_414,225-204-204-159-150-204-90-204,36,8,28,1.77778,2,2,3.125,0,4,50,1
HybridRV_514,215-204-204-204-249-20-204-204,72,8,64,1.88889,2,2,3.125,0,3,37.5,1
HybridRV_814,204-126-106-204-204-180-204-204,84,32,52,1.61905,2,2,12.5,0,3,37.5,1
HybridRV_114,170-190-106-204-5-204-204-204,64,16,48,2.5,3,2,6.25,0,4,50,1
HybridRV_614,204-204-9-204-159-60-160-209,30,6,24,1.8,2,3,2.34375,0,5,62.5,1
HybridRV_314,204-204-144-20-60-204-204-240,64,16,48,2.75,4,3,6.25,0,4,50,1
HybridRV_14,204-204-149-80-165-204-129-204,48,4,44,2.875,4,4,1.5625,0,4,50,1
HybridRV_214,86-66-204-40-225-204-10-75,44,2,42,3.13636,6,3,0.78125,0,6,75,1
HybridRV_715,204-204-45-129-190-204-46-71,24,12,12,1.5,2,5,4.6875,0,5,62.5,1
HybridRV_915,209-5-204-204-204-30-204-204,88,16,72,1.81818,2,1,6.25,0,3,37.5,1
HybridRV_415,102-204-80-204-209-111-169-65,48,4,44,3.16667,6,5,1.5625,0,6,75,1
HybridRV_515,204-204-96-204-204-204-170-255,48,32,16,1.33333,2,2,12.5,0,3,37.5,1
HybridRV_815,204-29-249-204-204-45-204-204,72,32,40,2.16667,6,2,12.5,0,3,37.5,1
HybridRV_115,184-204-204-116-231-245-150-204,35,6,29,2.37143,3,5,2.34375,0,5,62.5,1
HybridRV_615,153-204-96-170-204-150-209-89,48,0,48,4.5,6,2,0,0,6,75,1
HybridRV_315,204-102-246-204-204-240-226-116,60,6,54,3,6,2,2.34375,0,5,62.5,1
HybridRV_15,204-204-204-180-204-204-204-210,96,64,32,1.33333,2,1,25,0,2,25,1
HybridRV_215,160-204-204-204-204-204-204-40,64,64,0,1,1,1,25,0,2,25,0
HybridRV_716,175-204-160-204-30-240-166-204,24,8,16,2.16667,3,3,3.125,0,5,62.5,1
HybridRV_916,20-6-20-160-204-130-60-204,14,14,0,1,1,5,5.46875,0,6,75,0
HybridRV_416,204-204-189-204-204-5-204-24,72,16,56,1.77778,2,1,6.25,0,3,37.5,1
HybridRV_516,204-204-125-20-204-204-204-204,96,48,48,1.83333,3,2,18.75,0,2,25,1
HybridRV_816,204-71-204-130-102-204-204-235,94,12,82,1.87234,2,2,4.6875,0,4,50,1
HybridRV_116,40-235-204-204-235-175-204-30,52,6,46,2.76923,6,3,2.34375,0,5,62.5,1
HybridRV_616,204-126-204-204-85-204-204-95,48,32,16,1.33333,2,1,12.5,0,3,37.5,1
HybridRV_316,10-189-20-204-204-204-204-204,64,16,48,2.5,3,3,6.25,0,3,37.5,1
HybridRV_16,6-204-10-15-6-204-204-190,54,0,54,3.40741,4,3,0,0,5,62.5,1
HybridRV_216,66-204-245-60-102-204-204-95,64,4,60,2.875,6,1,1.5625,0,5,62.5,1
HybridRV_717,204-204-204-160-129-10-204-204,56,16,40,2,3,3,6.25,0,3,37.5,1
HybridRV_917,245-204-204-195-149-204-9-190,30,14,16,1.53333,2,2,5.46875,0,5,62.5,1
HybridRV_417,80-144-46-204-204-169-125-159,21,3,18,3,4,3,1.17188,0,6,75,1
HybridRV_517,204-154-111-204-30-226-204-20,53,18,35,3.54717,6,3,7.03125,0,5,62.5,1
HybridRV_817,65-166-204-204-204-204-255-204,96,16,80,2.33333,3,1,6.25,0,3,37.5,1
HybridRV_117,75-204-0-204-204-204-204-101,72,24,48,1.66667,2,1,9.375,0,3,37.5,1
HybridRV_617,150-10-71-226-231-204-160-204,12,0,12,3,3,13,0,0,6,75,1
HybridRV_317,160-101-189-180-204-204-166-226,20,4,16,2.3,3,5,1.5625,0,6,75,1
HybridRV_17,204-166-135-165-175-159-154-204,19,3,16,7.42105,13,10,1.17188,0,6,75,1
HybridRV_217,219-204-226-120-204-189-204-166,57,9,48,1.84211,2,3,3.51562,0,5,62.5,1
HybridRV_718,120-40-204-204-204-231-204-204,68,48,20,1.29412,2,2,18.75,0,3,37.5,1
HybridRV_918,204-0-36-204-225-245-135-105,34,4,30,4,6,4,1.5625,0,6,75,1
HybridRV_418,75-204-46-166-204-144-204-204,52,4,48,1.92308,2,3,1.5625,0,4,50,1
HybridRV_518,204-225-86-204-86-204-126-175,35,8,27,1.77143,2,3,3.125,0,5,62.5,1
HybridRV_818,204-204-139-10-210-204-235-250,54,8,46,2.18519,3,3,3.125,0,5,62.5,1
HybridRV_118,86-204-126-30-90-204-204-249,46,4,42,2.56522,6,4,1.5625,0,5,62.5,1
HybridRV_618,60-204-204-204-153-184-204-153,96,0,96,4,6,2,0,0,4,50,1
HybridRV_318,204-204-204-150-204-184-10-10,48,8,40,1.83333,2,2,3.125,0,4,50,1
HybridRV_18,204-204-204-10-204-30-204-204,96,64,32,1.33333,2,1,25,0,2,25,1
HybridRV_218,130-24-204-144-130-169-204-250,26,2,24,3.07692,6,3,0.78125,0,6,75,1
HybridRV_719,71-204-204-120-126-90-126-180,38,1,37,4.5,8,7,0.390625,0,6,75,1
HybridRV_919,204-165-195-204-204-204-250-105,112,24,88,2.57143,3,1,9.375,0,4,50,1
HybridRV_419,111-204-135-195-139-235-65-204,15,7,8,1.53333,2,6,2.73438,0,6,75,1
HybridRV_519,170-204-204-40-204-204-204-204,96,64,32,1.33333,2,1,25,0,2,25,1
HybridRV_819,116-86-189-204-204-154-204-204,82,24,58,2.34146,6,2,9.375,0,4,50,1
HybridRV_119,204-160-0-204-204-204-204-204,64,64,0,1,1,2,25,0,2,25,0
HybridRV_619,204-246-204-30-153-6-102-219,28,0,28,3.85714,6,5,0,0,6,75,1
HybridRV_319,204-204-204-204-249-204-204-165,96,64,32,1.33333,2,1,25,0,2,25,1
HybridRV_19,204-180-149-105-96-204-204-195,42,10,32,4.09524,14,9,3.90625,0,5,62.5,1
HybridRV_219,209-165-60-190-204-204-250-204,60,0,60,8.33333,10,2,0,0,5,62.5,1
HybridRV_720,204-204-204-204-204-204-80-166,128,128,0,1,1,2,50,0,2,25,0
HybridRV_920,204-166-204-175-149-204-5-204,54,16,38,2.7037,6,2,6.25,0,4,50,1
HybridRV_420,204-219-204-204-105-204-169-204,116,32,84,1.72414,2,1,12.5,0,3,37.5,1
HybridRV_520,204-9-154-204-204-20-204-204,72,32,40,2.16667,6,2,12.5,0,3,37.5,1
HybridRV_820,204-166-204-153-45-204-15-204,60,16,44,2.93333,6,2,6.25,0,4,50,1
HybridRV_120,144-184-153-204-45-9-204-116,25,3,22,2.44,3,3,1.17188,0,6,75,1
HybridRV_620,80-130-116-204-204-80-60-204,72,12,60,3.33333,6,1,4.6875,0,5,62.5,1
HybridRV_320,204-150-204-204-204-204-170-86,112,64,48,1.42857,2,2,25,0,3,37.5,1
HybridRV_20,209-71-249-40-204-66-204-215,24,0,24,3.5,6,3,0,0,6,75,1
HybridRV_220,204-65-204-116-204-45-130-45,34,6,28,4.11765,6,4,2.34375,0,5,62.5,1
HybridRV_721,139-204-204-231-204-204-204-204,112,32,80,1.71429,2,1,12.5,0,2,25,1
HybridRV_921,240-65-90-204-101-15-204-245,48,2,46,4.33333,6,2,0.78125,0,6,75,1
HybridRV_421,24-144-5-204-166-144-204-246,12,8,4,1.33333,2,5,3.125,0,6,75,1
HybridRV_521,215-231-204-111-204-204-204-204,80,16,64,2.8,6,1,6.25,0,3,37.5,1
HybridRV_821,204-126-204-86-0-209-150-204,32,7,25,3.0625,6,4,2.73438,0,5,62.5,1
HybridRV_121,0-15-231-166-105-204-204-204,24,12,12,2,3,5,4.6875,0,5,62.5,1
HybridRV_621,215-231-219-204-204-36-24-184,16,0,16,2.75,3,4,0,0,6,75,1
HybridRV_321,204-10-204-86-5-246-219-71,14,6,8,1.57143,2,6,2.34375,0,6,75,1
HybridRV_21,189-245-6-204-95-135-24-204,20,14,6,1.3,2,4,5.46875,0,6,75,1
HybridRV_221,204-175-204-149-204-204-120-204,72,32,40,1.55556,2,1,12.5,0,3,37.5,1
HybridRV_722,20-204-204-204-150-204-204-204,160,96,64,1.4,2,1,37.5,0,2,25,1
HybridRV_922,204-204-204-204-204-204-6-80,96,64,32,1.66667,3,2,25,0,2,25,1
HybridRV_422,102-204-204-204-86-60-204-204,80,32,48,2.2,6,2,12.5,0,3,37.5,1
HybridRV_522,209-204-129-226-204-240-102-245,30,0,30,3.6,6,2,0,0,6,75,1
HybridRV_822,190-166-215-204-184-24-204-160,19,3,16,4.36842,6,4,1.17188,0,6,75,1
HybridRV_122,226-180-204-15-204-204-85-204,32,16,16,1.5,2,3,6.25,0,4,50,1
HybridRV_622,204-204-245-240-40-170-204-101,34,2,32,3.35294,4,2,0.78125,0,5,62.5,1
HybridRV_322,204-190-204-219-204-204-184-126,64,32,32,1.5,2,3,12.5,0,4,50,1
HybridRV_22,204-86-210-96-204-204-0-204,64,8,56,3.25,4,3,3.125,0,4,50,1
HybridRV_222,125-204-30-204-204-10-166-65,44,10,34,3.04545,4,3,3.90625,0,5,62.5,1
HybridRV_723,5-204-45-204-209-150-159-40,16,2,14,4.875,6,4,0.78125,0,6,75,1
HybridRV_923,204-240-86-90-5-175-190-204,26,3,23,3.84615,6,6,1.17188,0,6,75,1
HybridRV_423,204-80-204-101-204-235-204-30,72,8,64,1.88889,2,1,3.125,0,4,50,1
HybridRV_523,204-166-89-204-24-139-204-204,50,10,40,2.6,6,3,3.90625,0,4,50,1
HybridRV_823,204-204-204-204-204-180-246-40,48,48,0,1,1,3,18.75,0,3,37.5,0
HybridRV_123,204-204-190-204-204-204-89-245,72,48,24,1.33333,2,2,18.75,0,3,37.5,1
HybridRV_623,0-204-209-170-160-204-204-204,52,20,32,1.61538,2,3,7.8125,0,4,50,1
HybridRV_323,204-10-204-204-101-20-204-65,64,24,40,3.125,6,2,9.375,0,4,50,1
HybridRV_23,204-126-150-204-226-101-105-166,14,6,8,2.71429,6,7,2.34375,0,6,75,1
HybridRV_223,204-170-204-204-204-255-204-204,64,64,0,1,1,1,25,0,2,25,0
HybridRV_724,204-105-204-204-154-204-204-204,144,64,80,1.55556,2,1,25,0,2,25,1
HybridRV_924,29-204-180-204-231-210-204-102,56,28,28,2.28571,6,3,10.9375,0,5,62.5,1
HybridRV_424,120-175-204-139-90-204-204-204,48,28,20,1.66667,3,3,10.9375,0,4,50,1
HybridRV_524,204-80-204-30-204-231-66-204,48,24,24,1.5,2,2,9.375,0,4,50,1
HybridRV_824,210-204-75-225-125-204-204-154,31,1,30,1.96774,2,5,0.390625,0,5,62.5,1
HybridRV_124,80-204-46-204-80-204-120-204,36,16,20,1.55556,2,1,6.25,0,4,50,1
HybridRV_624,204-204-204-204-249-204-204-125,96,64,32,1.33333,2,1,25,0,2,25,1
HybridRV_324,204-204-204-126-204-204-105-184,76,16,60,2.94737,6,3,6.25,0,3,37.5,1
HybridRV_24,204-204-204-111-85-204-102-204,96,32,64,1.66667,2,1,12.5,0,3,37.5,1
HybridRV_224,204-116-204-231-130-71-204-204,36,10,26,1.72222,2,3,3.90625,0,4,50,1
HybridRV_725,249-135-204-204-71-85-250-24,32,0,32,8.5,12,4,0,0,6,75,1
HybridRV_925,5-209-204-46-204-204-125-5,54,3,51,3.55556,6,3,1.17188,0,5,62.5,1
HybridRV_425,20-204-225-204-30-204-9-111,41,13,28,1.68293,2,2,5.07812,0,5,62.5,1
HybridRV_525,159-209-204-204-240-204-246-204,36,24,12,1.33333,2,2,9.375,0,4,50,1
HybridRV_825,204-204-204-204-180-102-60-65,48,0,48,2,2,2,0,0,4,50,1
HybridRV_125,170-204-101-204-204-204-111-204,72,32,40,1.55556,2,1,12.5,0,3,37.5,1
HybridRV_625,209-204-204-80-231-204-40-40,24,3,21,3,6,2,1.17188,0,5,62.5,1
HybridRV_325,65-135-210-204-170-169-226-204,53,2,51,7.77358,15,4,0.78125,0,6,75,1
HybridRV_25,204-204-204-120-204-204-204-46,128,96,32,1.25,2,1,37.5,0,2,25,1
HybridRV_225,15-204-204-204-90-204-139-90,40,24,16,1.4,2,2,9.375,0,4,50,1
HybridRV_726,66-80-204-204-129-204-95-29,56,6,50,1.89286,2,2,2.34375,0,5,62.5,1
HybridRV_926,204-149-204-204-111-184-204-204,66,24,42,1.63636,2,3,9.375,0,3,37.5,1
HybridRV_426,204-204-204-90-204-6-204-204,96,64,32,1.33333,2,1,25,0,2,25,1
HybridRV_526,204-90-204-15-204-204-204-204,64,64,0,1,1,1,25,0,2,25,0
HybridRV_826,204-240-180-90-135-169-204-153,31,0,31,3.67742,6,5,0,0,6,75,1
HybridRV_126,204-204-135-85-225-204-144-204,72,8,64,3.11111,4,3,3.125,0,4,50,1
HybridRV_626,204-204-204-101-204-6-116-66,52,20,32,1.61538,2,2,7.8125,0,4,50,1
HybridRV_326,204-30-20-204-165-204-204-204,64,32,32,1.5,2,3,12.5,0,3,37.5,1
HybridRV_26,66-204-153-204-66-204-101-126,60,6,54,1.9,2,3,2.34375,0,5,62.5,1
HybridRV_226,89-129-204-204-204-204-106-204,96,16,80,2.5,6,1,6.25,0,3,37.5,1
HybridRV_727,204-204-204-0-85-36-204-204,80,32,48,2.2,3,2,12.5,0,3,37.5,1
HybridRV_927,29-204-204-149-204-204-204-226,100,72,28,1.28,2,1,28.125,0,3,37.5,1
HybridRV_427,139-125-189-80-204-245-169-204,26,0,26,4.34615,6,3,0,0,6,75,1
HybridRV_527,250-75-204-204-204-204-204-204,96,32,64,2.66667,4,0,12.5,1,2,25,1
HybridRV_827,204-231-169-204-204-89-154-245,32,16,16,1.5,2,3,6.25,0,5,62.5,1
HybridRV_127,204-204-204-204-204-150-204-150,160,64,96,1.6,2,0,25,1,2,25,1
HybridRV_627,165-219-101-204-190-86-204-102,36,12,24,6.55556,12,4,4.6875,0,6,75,1
HybridRV_327,204-204-130-255-24-204-204-204,64,16,48,1.75,2,2,6.25,0,3,37.5,1
HybridRV_27,219-204-204-204-204-154-5-175,36,8,28,1.77778,2,4,3.125,0,4,50,1
HybridRV_227,144-204-204-66-166-36-204-204,36,28,8,1.22222,2,5,10.9375,0,4,50,1
HybridRV_728,86-204-66-204-204-90-135-204,104,8,96,3.26923,6,1,3.125,0,4,50,1
HybridRV_928,175-204-204-204-231-225-180-169,56,4,52,3.85714,6,4,1.5625,0,5,62.5,1
HybridRV_428,95-204-96-85-45-204-170-204,48,14,34,2.41667,4,1,5.46875,0,5,62.5,1
HybridRV_528,150-204-144-30-255-95-204-204,40,8,32,4.2,6,2,3.125,0,5,62.5,1
HybridRV_828,175-204-204-90-204-204-66-80,32,16,16,1.5,2,3,6.25,0,4,50,1
HybridRV_128,46-204-204-204-30-204-184-204,100,48,52,1.52,2,1,18.75,0,3,37.5,1
HybridRV_628,96-153-204-204-175-210-231-0,32,10,22,2.625,6,3,3.90625,0,6,75,1
HybridRV_328,204-204-36-204-204-204-65-204,120,64,56,1.46667,2,1,25,0,2,25,1
HybridRV_28,166-204-46-204-46-204-204-235,120,28,92,1.76667,2,1,10.9375,0,4,50,1
HybridRV_228,204-204-204-255-75-165-139-36,32,16,16,1.5,2,5,6.25,0,5,62.5,1
HybridRV_729,184-204-204-30-36-204-95-60,78,3,75,2.94872,6,2,1.17188,0,5,62.5,1
HybridRV_929,6-126-180-204-190-166-204-204,44,8,36,3.04545,6,3,3.125,0,5,62.5,1
HybridRV_429,204-204-204-105-255-204-204-235,128,32,96,1.75,2,1,12.5,0,3,37.5,1
HybridRV_529,75-165-209-204-204-29-149-249,24,2,22,3.25,6,4,0.78125,0,6,75,1
HybridRV_829,204-204-96-125-204-204-126-45,48,16,32,1.66667,2,3,6.25,0,4,50,1
HybridRV_129,204-204-184-204-86-160-149-210,36,0,36,5.11111,6,8,0,0,5,62.5,1
HybridRV_629,126-204-0-160-204-204-204-204,48,48,0,1,1,2,18.75,0,3,37.5,0
HybridRV_329,204-225-219-169-204-204-204-204,48,32,16,1.66667,3,4,12.5,0,3,37.5,1
HybridRV_29,9-180-204-111-250-40-204-24,43,2,41,3.88372,6,2,0.78125,0,6,75,1
HybridRV_229,154-150-204-204-204-66-204-153,96,0,96,4.66667,6,1,0,0,4,50,1
HybridRV_730,204-204-250-209-204-71-204-166,72,48,24,1.33333,2,2,18.75,0,4,50,1
HybridRV_930,204-180-204-204-204-204-210-204,120,64,56,1.46667,2,1,25,0,2,25,1
HybridRV_430,204-204-65-204-204-144-204-249,92,24,68,1.73913,2,1,9.375,0,3,37.5,1
HybridRV_530,125-169-6-190-204-90-204-204,16,4,12,2.5,3,5,1.5625,0,5,62.5,1
HybridRV_830,5-154-204-144-101-204-149-190,35,4,31,2.77143,3,2,1.5625,0,6,75,1
HybridRV_130,139-204-204-60-204-204-204-235,128,16,112,1.875,2,1,6.25,0,3,37.5,1
HybridRV_630,204-204-86-204-30-86-204-250,36,20,16,1.44444,2,2,7.8125,0,4,50,1
HybridRV_330,80-204-219-204-204-204-204-204,96,64,32,1.33333,2,1,25,0,2,25,1
HybridRV_30,159-204-204-204-96-95-116-15,48,8,40,2.33333,3,3,3.125,0,5,62.5,1
HybridRV_230,204-209-231-204-106-175-204-135,44,5,39,3.5,6,3,1.95312,0,5,62.5,1
HybridRV_731,204-204-204-89-180-204-204-20,80,24,56,2.7,6,2,9.375,0,3,37.5,1
HybridRV_931,96-250-204-204-36-215-204-96,30,6,24,2.2,3,2,2.34375,0,5,62.5,1
HybridRV_431,129-204-204-204-204-24-240-204,88,16,72,3.18182,6,2,6.25,0,3,37.5,1
HybridRV_531,139-135-204-135-215-204-204-210,28,6,22,3.71429,6,3,2.34375,0,5,62.5,1
HybridRV_831,204-30-226-96-149-204-204-250,32,12,20,2,3,6,4.6875,0,5,62.5,1
HybridRV_131,90-215-245-204-30-86-204-102,26,8,18,2.23077,3,4,3.125,0,6,75,1
HybridRV_631,204-10-204-102-46-204-150-95,40,0,40,2.6,3,2,0,0,5,62.5,1
HybridRV_331,204-204-204-204-102-246-204-204,96,32,64,2,3,1,12.5,0,2,25,1
HybridRV_31,204-204-235-204-204-204-20-204,120,64,56,1.46667,2,1,25,0,2,25,1
HybridRV_231,204-20-111-204-209-24-24-245,26,2,24,2.26923,3,3,0.78125,0,6,75,1
HybridRV_732,0-215-204-102-204-204-125-120,48,2,46,4.58333,6,3,0.78125,0,5,62.5,1
HybridRV_932,204-60-219-204-204-184-204-36,76,20,56,1.73684,2,2,7.8125,0,4,50,1
HybridRV_432,102-204-204-96-30-204-204-9,72,10,62,2.5,6,2,3.90625,0,4,50,1
HybridRV_532,245-235-195-204-154-204-0-190,12,8,4,1.33333,2,6,3.125,0,6,75,1
HybridRV_832,204-204-204-204-125-149-204-226,88,56,32,1.36364,2,2,21.875,0,3,37.5,1
HybridRV_132,219-226-0-66-130-204-255-204,24,2,22,4.16667,6,2,0.78125,0,6,75,1
HybridRV_632,204-245-204-24-204-204-160-204,48,32,16,1.33333,2,1,12.5,0,3,37.5,1
HybridRV_332,204-204-204-204-66-204-45-204,128,80,48,1.375,2,1,31.25,0,2,25,1
HybridRV_32,204-204-219-245-204-204-255-204,56,40,16,1.28571,2,3,15.625,0,3,37.5,1
HybridRV_232,204-204-204-30-204-24-204-204,128,64,64,1.5,2,1,25,0,2,25,1
HybridRV_733,204-149-126-153-204-195-204-89,56,10,46,1.82143,2,5,3.90625,0,5,62.5,1
HybridRV_933,204-204-111-204-65-71-204-204,72,24,48,1.66667,2,3,9.375,0,3,37.5,1
HybridRV_433,204-204-204-184-204-10-86-255,60,0,60,3.8,6,2,0,0,4,50,1
HybridRV_533,180-204-226-130-160-204-204-209,27,9,18,1.66667,2,4,3.51562,0,5,62.5,1
HybridRV_833,204-180-204-204-246-204-204-96,96,48,48,1.5,2,1,18.75,0,3,37.5,1
HybridRV_133,45-120-204-135-246-204-204-85,46,8,38,1.95652,3,3,3.125,0,5,62.5,1
HybridRV_633,129-30-204-20-175-246-204-24,21,3,18,1.85714,2,5,1.17188,0,6,75,1
HybridRV_333,90-245-180-120-116-204-166-204,16,0,16,3.25,6,6,0,0,6,75,1
HybridRV_33,204-6-204-250-204-204-204-245,48,32,16,1.33333,2,1,12.5,0,3,37.5,1
HybridRV_233,240-225-204-10-153-184-204-15,15,2,13,3.66667,6,3,0.78125,0,6,75,1
HybridRV_734,40-204-204-204-170-204-204-204,96,96,0,1,1,1,37.5,0,2,25,0
HybridRV_934,166-5-245-204-204-204-204-36,68,36,32,2.41176,4,2,14.0625,0,4,50,1
HybridRV_434,184-105-204-75-102-125-204-129,26,4,22,1.84615,2,3,1.5625,0,6,75,1
HybridRV_534,149-102-204-204-195-29-169-184,44,2,42,3.40909,4,6,0.78125,0,6,75,1
HybridRV_834,71-204-204-204-144-149-30-46,40,6,34,2.8,6,5,2.34375,0,5,62.5,1
HybridRV_134,159-90-219-204-255-204-125-150,30,2,28,3.33333,6,3,0.78125,0,6,75,1
HybridRV_634,180-40-204-204-204-204-204-204,128,128,0,1,1,2,50,0,2,25,0
HybridRV_334,180-204-204-255-139-204-6-209,42,0,42,2.42857,3,2,0,0,5,62.5,1
HybridRV_34,130-125-195-130-204-204-204-210,72,0,72,5.11111,8,1,0,0,5,62.5,1
HybridRV_234,204-204-204-180-204-204-245-204,96,64,32,1.33333,2,1,25,0,2,25,1
HybridRV_735,204-204-204-204-149-204-255-204,96,64,32,1.33333,2,1,25,0,2,25,1
HybridRV_935,45-153-116-204-95-169-204-101,24,9,15,3,6,3,3.51562,0,6,75,1
HybridRV_435,190-204-135-204-204-204-6-204,92,40,52,1.56522,2,1,15.625,0,3,37.5,1
HybridRV_535,204-204-204-204-245-204-9-130,48,16,32,1.66667,2,1,6.25,0,3,37.5,1
HybridRV_835,96-204-204-126-204-204-190-204,72,32,40,1.55556,2,1,12.5,0,3,37.5,1
HybridRV_135,204-204-204-126-0-204-204-80,48,48,0,1,1,2,18.75,0,3,37.5,0
HybridRV_635,204-204-0-184-204-160-225-215,36,20,16,1.44444,2,2,7.8125,0,5,62.5,1
HybridRV_335,204-40-204-204-204-36-204-204,120,64,56,1.46667,2,1,25,0,2,25,1
HybridRV_35,189-189-209-204-204-46-130-106,34,20,14,1.41176,2,3,7.8125,0,6,75,1
HybridRV_235,89-120-204-159-204-170-225-204,96,12,84,3.125,6,2,4.6875,0,5,62.5,1
HybridRV_736,204-204-204-5-204-36-249-66,56,8,48,1.85714,2,2,3.125,0,4,50,1
HybridRV_936,245-45-106-204-111-154-204-204,58,12,46,1.7931,2,3,4.6875,0,5,62.5,1
HybridRV_436,204-9-204-0-5-29-204-184,42,4,38,1.90476,2,2,1.5625,0,5,62.5,1
HybridRV_536,15-219-150-86-204-204-204-125,24,12,12,2,3,4,4.6875,0,5,62.5,1
HybridRV_836,204-204-204-204-153-204-204-46,160,96,64,1.4,2,1,37.5,0,2,25,1
HybridRV_136,204-204-45-204-204-180-204-204,120,64,56,1.46667,2,1,25,0,2,25,1
HybridRV_636,210-29-204-204-204-204-204-204,96,32,64,2.33333,3,2,12.5,0,2,25,1
HybridRV_336,86-204-204-165-210-80-170-130,20,4,16,3.3,6,5,1.5625,0,6,75,1
HybridRV_36,204-204-9-71-204-204-204-204,80,48,32,1.6,3,2,18.75,0,2,25,1
HybridRV_236,180-249-189-250-130-249-204-204,22,16,6,1.27273,2,5,6.25,0,6,75,1
HybridRV_737,204-204-204-255-204-255-204-204,64,64,0,1,1,1,25,0,2,25,0
HybridRV_937,30-139-71-149-46-204-129-204,22,8,14,1.63636,2,6,3.125,0,6,75,1
HybridRV_437,204-204-204-204-135-204-204-5,96,64,32,1.33333,2,1,25,0,2,25,1
HybridRV_537,204-204-204-204-204-204-209-249,96,32,64,2.33333,3,2,12.5,0,2,25,1
HybridRV_837,125-36-85-204-45-209-120-204,15,2,13,2.26667,3,5,0.78125,0,6,75,1
HybridRV_137,204-204-120-175-204-89-204-111,72,28,44,1.61111,2,3,10.9375,0,4,50,1
HybridRV_637,204-209-204-204-204-116-204-204,120,64,56,1.46667,2,1,25,0,2,25,1
HybridRV_337,204-204-204-106-150-204-204-215,80,32,48,2.2,3,2,12.5,0,3,37.5,1
HybridRV_37,204-204-30-175-204-204-204-204,80,64,16,1.2,2,3,25,0,2,25,1
HybridRV_237,204-204-204-204-204-255-116-204,64,32,32,1.5,2,2,12.5,0,2,25,1
HybridRV_738,204-5-204-225-0-204-204-204,64,32,32,1.5,2,1,12.5,0,3,37.5,1
HybridRV_938,204-85-204-46-204-204-215-204,72,32,40,1.55556,2,1,12.5,0,3,37.5,1
HybridRV_438,204-0-204-195-153-175-204-204,96,24,72,3,6,1,9.375,0,4,50,1
HybridRV_538,255-204-120-204-180-40-6-204,26,6,20,1.76923,2,4,2.34375,0,5,62.5,1
HybridRV_838,5-204-204-204-204-204-102-159,96,0,96,3,3,1,0,0,3,37.5,1
HybridRV_138,204-9-204-204-204-204-204-129,112,32,80,1.71429,2,1,12.5,0,2,25,1
HybridRV_638,180-80-116-116-180-204-204-255,6,6,0,1,1,8,2.34375,0,6,75,0
HybridRV_338,204-204-204-139-159-204-204-204,80,64,16,1.4,3,2,25,0,2,25,1
HybridRV_38,204-204-45-204-204-90-139-204,86,32,54,2.13953,6,3,12.5,0,3,37.5,1
HybridRV_238,215-169-204-204-36-204-204-126,74,12,62,1.83784,2,2,4.6875,0,4,50,1
HybridRV_739,6-204-95-15-204-60-36-139,60,2,58,3.13333,6,2,0.78125,0,6,75,1
HybridRV_939,204-75-204-250-204-204-86-204,72,32,40,1.55556,2,1,12.5,0,3,37.5,1
HybridRV_439,204-204-165-246-204-154-210-30,54,6,48,3.7037,6,5,2.34375,0,5,62.5,1
HybridRV_539,204-204-204-180-169-204-240-204,72,32,40,1.88889,3,3,12.5,0,3,37.5,1
HybridRV_839,204-204-204-204-75-204-175-204,96,64,32,1.33333,2,1,25,0,2,25,1
HybridRV_139,204-204-153-204-189-225-204-204,88,32,56,1.63636,2,3,12.5,0,3,37.5,1
HybridRV_639,204-36-0-190-204-66-204-135,27,15,12,1.44444,2,2,5.85938,0,5,62.5,1
HybridRV_339,175-204-86-85-204-255-204-204,24,16,8,1.33333,2,2,6.25,0,4,50,1
HybridRV_39,204-215-204-204-204-204-126-90,84,32,52,2.38095,6,2,12.5,0,3,37.5,1
HybridRV_239,204-249-204-204-75-204-160-204,72,32,40,1.55556,2,1,12.5,0,3,37.5,1
HybridRV_740,204-204-204-130-231-189-120-204,56,4,52,2.64286,5,4,1.5625,0,4,50,1
HybridRV_940,204-204-165-204-204-204-86-204,96,64,32,1.33333,2,1,25,0,2,25,1
HybridRV_440,30-226-204-226-153-24-180-204,21,5,16,2.2381,3,4,1.95312,0,6,75,1
HybridRV_540,150-204-204-204-96-204-165-204,96,32,64,1.66667,2,1,12.5,0,3,37.5,1
HybridRV_840,20-204-204-231-153-96-225-95,10,0,10,2,2,6,0,0,6,75,1
HybridRV_140,149-204-135-204-204-204-204-204,96,64,32,1.33333,2,1,25,0,2,25,1
HybridRV_640,225-36-184-204-204-60-195-204,76,0,76,5.15789,12,3,0,0,5,62.5,1
HybridRV_340,169-160-204-190-40-150-245-204,30,0,30,4.53333,6,6,0,0,6,75,1
HybridRV_40,144-235-219-204-6-204-204-204,56,16,40,1.71429,2,3,6.25,0,4,50,1
HybridRV_240,40-245-29-204-126-204-9-204,62,12,50,1.80645,2,3,4.6875,0,5,62.5,1
HybridRV_741,204-204-225-165-204-204-204-245,72,32,40,1.88889,3,3,12.5,0,3,37.5,1
HybridRV_941,175-204-29-204-204-204-36-204,72,32,40,1.55556,2,1,12.5,0,3,37.5,1
HybridRV_441,165-149-204-204-204-102-204-46,96,32,64,1.66667,2,3,12.5,0,4,50,1
HybridRV_541,204-204-204-24-29-215-245-204,24,24,0,1,1,8,9.375,0,4,50,0
HybridRV_841,255-204-204-204-204-20-210-246,56,16,40,2.14286,3,3,6.25,0,4,50,1
HybridRV_141,204-184-204-204-204-130-204-75,120,32,88,1.73333,2,1,12.5,0,3,37.5,1
HybridRV_641,36-105-204-204-150-71-204-204,72,24,48,2.25,6,3,9.375,0,4,50,1
HybridRV_341,204-135-45-250-246-135-85-204,16,6,10,2.375,4,5,2.34375,0,6,75,1
HybridRV_41,169-204-204-204-249-66-129-204,72,20,52,1.72222,2,3,7.8125,0,4,50,1
HybridRV_241,204-204-215-204-129-255-153-40,40,0,40,2,2,2,0,0,5,62.5,1
HybridRV_742,204-226-204-204-204-195-204-20,136,32,104,1.76471,2,1,12.5,0,3,37.5,1
HybridRV_942,190-204-130-204-204-204-95-204,72,40,32,1.44444,2,1,15.625,0,3,37.5,1
HybridRV_442,204-204-153-204-215-204-204-139,112,24,88,1.78571,2,1,9.375,0,3,37.5,1
HybridRV_542,204-204-190-65-111-10-204-204,40,24,16,1.4,2,5,9.375,0,4,50,1
HybridRV_842,75-204-204-204-250-255-204-204,48,16,32,1.66667,2,2,6.25,0,3,37.5,1
HybridRV_142,204-204-204-204-204-204-175-175,64,32,32,2.5,4,2,12.5,0,2,25,1
HybridRV_642,96-204-204-195-204-235-204-204,96,32,64,1.66667,2,1,12.5,0,3,37.5,1
HybridRV_342,71-180-159-85-204-204-166-154,16,0,16,3.5625,6,4,0,0,6,75,1
HybridRV_42,219-204-204-204-204-204-204-24,112,16,96,1.85714,2,1,6.25,0,2,25,1
HybridRV_242,204-105-204-149-29-245-195-204,88,20,68,2.68182,6,3,7.8125,0,5,62.5,1
HybridRV_743,135-159-71-204-204-240-204-204,56,8,48,3,4,3,3.125,0,4,50,1
HybridRV_943,65-170-150-0-180-111-204-204,26,0,26,2.61538,3,4,0,0,6,75,1
HybridRV_443,204-170-204-96-204-204-204-204,96,64,32,1.33333,2,1,25,0,2,25,1
HybridRV_543,86-226-204-6-219-30-204-204,58,8,50,2.58621,3,3,3.125,0,5,62.5,1
HybridRV_843,40-204-85-166-204-204-20-226,52,12,40,3.15385,6,2,4.6875,0,5,62.5,1
HybridRV_143,204-89-66-204-204-66-86-120,58,6,52,3.62069,6,3,2.34375,0,5,62.5,1
HybridRV_643,130-129-189-45-204-249-204-204,16,4,12,1.75,2,6,1.5625,0,5,62.5,1
HybridRV_343,204-204-29-45-204-46-160-245,44,16,28,1.63636,2,3,6.25,0,5,62.5,1
HybridRV_43,204-130-204-90-170-210-204-204,96,24,72,2.5,6,1,9.375,0,4,50,1
HybridRV_243,106-240-105-204-204-204-40-204,120,32,88,2.53333,4,1,12.5,0,4,50,1
HybridRV_744,6-204-153-165-204-204-204-225,80,16,64,3.2,6,0,6.25,1,4,50,1
HybridRV_944,204-20-204-204-89-204-231-226,68,40,28,1.41176,2,2,15.625,0,4,50,1
HybridRV_444,204-204-204-204-204-184-204-116,112,80,32,1.28571,2,1,31.25,0,2,25,1
HybridRV_544,204-204-204-154-204-204-24-204,120,64,56,1.46667,2,1,25,0,2,25,1
HybridRV_844,5-204-190-15-204-24-204-5,24,4,20,3.33333,6,3,1.5625,0,5,62.5,1
HybridRV_144,60-66-204-65-204-204-249-204,92,24,68,1.73913,2,1,9.375,0,4,50,1
HybridRV_644,120-204-204-5-204-204-66-204,72,48,24,1.33333,2,1,18.75,0,3,37.5,1
HybridRV_344,204-166-204-86-204-204-204-204,128,64,64,1.5,2,1,25,0,2,25,1
HybridRV_44,225-36-86-24-204-231-29-204,27,2,25,2.85185,6,6,0.78125,0,6,75,1
HybridRV_244,204-36-66-245-204-225-204-204,66,20,46,2.51515,6,4,7.8125,0,4,50,1
HybridRV_745,226-204-225-170-204-204-225-90,41,2,39,4.07317,6,2,0.78125,0,5,62.5,1
HybridRV_945,204-204-204-204-245-160-204-204,64,48,16,1.75,4,2,18.75,0,2,25,1
HybridRV_445,204-204-204-106-204-30-204-204,128,80,48,1.375,2,1,31.25,0,2,25,1
HybridRV_545,45-204-204-204-160-71-204-60,64,24,40,3.125,6,3,9.375,0,4,50,1
HybridRV_845,180-150-20-169-204-75-204-204,30,20,10,1.33333,2,5,7.8125,0,5,62.5,1
HybridRV_145,189-225-204-204-144-204-10-250,41,15,26,1.63415,2,3,5.85938,0,5,62.5,1
HybridRV_645,204-102-30-36-204-235-195-195,16,12,4,1.25,2,6,4.6875,0,6,75,1
HybridRV_345,24-204-29-195-219-204-204-154,46,4,42,3.56522,6,3,1.5625,0,5,62.5,1
HybridRV_45,24-40-204-102-126-231-204-204,42,0,42,2.7619,3,3,0,0,5,62.5,1
HybridRV_245,204-204-204-204-204-126-240-129,64,16,48,2.25,3,3,6.25,0,3,37.5,1
HybridRV_746,204-106-204-204-130-144-204-204,74,40,34,1.45946,2,3,15.625,0,3,37.5,1
HybridRV_946,204-204-139-204-165-135-204-204,112,24,88,2.64286,6,1,9.375,0,3,37.5,1
HybridRV_446,204-204-235-36-204-231-204-10,54,10,44,1.81481,2,2,3.90625,0,4,50,1
HybridRV_546,204-204-29-204-204-6-204-204,120,64,56,1.46667,2,1,25,0,2,25,1
HybridRV_846,204-204-204-204-204-149-219-204,112,80,32,1.57143,3,3,31.25,0,2,25,1
HybridRV_146,204-204-175-204-204-129-204-204,96,64,32,1.33333,2,1,25,0,2,25,1
HybridRV_646,204-204-204-129-204-20-204-204,112,48,64,1.57143,2,1,18.75,0,2,25,1
HybridRV_346,135-204-95-204-204-204-71-204,72,16,56,1.77778,2,1,6.25,0,3,37.5,1
HybridRV_46,204-20-204-204-204-0-209-240,72,0,72,4,6,2,0,0,4,50,1
HybridRV_246,204-129-204-204-195-225-36-231,61,8,53,2.95082,6,4,3.125,0,5,62.5,1
HybridRV_747,204-170-46-245-204-204-226-184,84,4,80,4.52381,6,2,1.5625,0,5,62.5,1
HybridRV_947,204-204-90-45-204-219-204-204,120,32,88,2.46667,4,1,12.5,0,3,37.5,1
HybridRV_447,204-204-149-204-204-86-204-204,120,64,56,1.46667,2,1,25,0,2,25,1
HybridRV_547,40-204-204-111-204-204-180-225,70,24,46,1.65714,2,3,9.375,0,4,50,1
HybridRV_847,30-204-204-204-204-153-10-219,72,24,48,1.66667,2,3,9.375,0,4,50,1
HybridRV_147,204-204-204-235-189-204-204-204,80,48,32,1.6,3,3,18.75,0,2,25,1
HybridRV_647,165-204-105-204-40-209-130-204,52,6,46,3.03846,6,3,2.34375,0,5,62.5,1
HybridRV_347,65-149-90-120-204-85-204-204,68,4,64,4.41176,6,6,1.5625,0,5,62.5,1
HybridRV_47,204-170-204-135-204-204-149-204,72,32,40,1.55556,2,1,12.5,0,3,37.5,1
HybridRV_247,120-96-204-204-24-204-204-204,68,48,20,1.29412,2,3,18.75,0,3,37.5,1
HybridRV_748,204-204-204-240-204-135-66-204,64,32,32,1.5,2,2,12.5,0,3,37.5,1
HybridRV_948,10-111-204-204-204-204-204-204,64,32,32,2,3,3,12.5,0,2,25,1
HybridRV_448,204-75-209-204-169-204-204-165,60,16,44,1.73333,2,2,6.25,0,4,50,1
HybridRV_548,189-204-204-180-204-245-126-139,30,12,18,1.6,2,5,4.6875,0,5,62.5,1
HybridRV_848,135-204-165-166-204-204-204-85,52,8,44,2.07692,3,3,3.125,0,4,50,1
HybridRV_148,204-5-40-249-204-102-204-204,88,28,60,2.27273,6,2,10.9375,0,4,50,1
HybridRV_648,24-45-46-0-204-204-101-204,24,16,8,1.33333,2,3,6.25,0,5,62.5,1
HybridRV_348,204-204-204-204-175-75-204-204,96,64,32,1.83333,4,2,25,0,2,25,1
HybridRV_48,189-160-204-204-20-120-102-166,14,8,6,1.85714,3,3,3.125,0,6,75,1
HybridRV_248,116-209-204-226-170-154-204-159,24,4,20,1.83333,2,3,1.5625,0,6,75,1
HybridRV_749,204-204-204-96-235-204-204-204,96,32,64,1.66667,2,2,12.5,0,2,25,1
HybridRV_949,204-60-204-111-204-170-204-149,72,8,64,1.88889,2,1,3.125,0,4,50,1
HybridRV_449,30-135-6-235-204-159-30-204,13,1,12,3.76923,6,4,0.390625,0,6,75,1
HybridRV_549,204-153-105-204-204-204-204-204,64,64,0,1,1,2,25,0,2,25,0
HybridRV_849,204-204-180-231-60-204-204-204,96,16,80,2.33333,3,4,6.25,0,3,37.5,1
HybridRV_149,129-204-166-111-255-126-153-204,35,0,35,5.74286,6,3,0,0,6,75,1
HybridRV_649,80-204-204-90-204-24-120-204,32,20,12,1.75,3,3,7.8125,0,4,50,1
HybridRV_349,75-195-204-204-204-101-204-204,48,32,16,1.33333,2,3,12.5,0,3,37.5,1
HybridRV_49,46-190-204-36-204-105-204-204,88,16,72,1.81818,2,2,6.25,0,4,50,1
HybridRV_249,204-204-204-204-126-204-235-204,112,48,64,1.57143,2,1,18.75,0,2,25,1
HybridRV_750,235-204-204-204-209-204-189-204,92,12,80,1.86957,2,1,4.6875,0,3,37.5,1
HybridRV_950,95-111-204-204-45-105-225-15,53,4,49,4.58491,10,4,1.5625,0,6,75,1
HybridRV_450,75-204-204-66-144-102-175-153,16,0,16,2,2,6,0,0,6,75,1
HybridRV_550,204-245-129-204-204-102-204-189,68,20,48,1.70588,2,3,7.8125,0,4,50,1
HybridRV_850,24-184-204-204-204-65-9-204,76,40,36,1.47368,2,3,15.625,0,4,50,1
HybridRV_150,204-246-130-66-204-65-30-106,19,8,11,1.57895,2,5,3.125,0,6,75,1
HybridRV_650,166-85-204-184-165-204-90-240,72,0,72,3.94444,6,3,0,0,6,75,1
HybridRV_350,29-204-226-126-204-96-204-204,72,20,52,2.55556,6,2,7.8125,0,4,50,1
HybridRV_50,204-204-204-240-204-204-204-219,96,32,64,1.66667,2,1,12.5,0,2,25,1
HybridRV_250,204-240-154-204-204-204-204-204,80,64,16,1.2,2,2,25,0,2,25,1
HybridRV_751,204-204-204-166-204-30-204-204,128,80,48,1.375,2,1,31.25,0,2,25,1
HybridRV_951,86-10-235-204-204-204-204-204,48,16,32,2,3,4,6.25,0,3,37.5,1
HybridRV_451,240-204-126-190-255-204-195-90,12,2,10,1.83333,2,3,0.78125,0,6,75,1
HybridRV_551,204-250-190-204-180-204-204-111,64,15,49,2.0625,3,2,5.85938,0,4,50,1
HybridRV_851,9-231-204-29-204-85-135-255,36,7,29,3.05556,6,3,2.73438,0,6,75,1
HybridRV_151,204-215-250-204-144-204-190-60,59,1,58,3.32203,6,3,0.390625,0,5,62.5,1
HybridRV_651,204-225-149-40-126-120-65-204,29,1,28,4.75862,12,9,0.390625,0,6,75,1
HybridRV_351,225-80-129-235-204-204-106-20,37,0,37,4.78378,6,4,0,0,6,75,1
HybridRV_51,204-204-20-60-116-215-204-5,20,8,12,1.6,2,6,3.125,0,5,62.5,1
HybridRV_251,120-125-204-184-126-204-245-204,32,20,12,1.75,3,3,7.8125,0,5,62.5,1
HybridRV_752,105-204-204-204-204-204-204-105,160,64,96,1.6,2,0,25,1,2,25,1
HybridRV_952,204-219-204-60-204-204-225-46,88,12,76,1.86364,2,2,4.6875,0,4,50,1
HybridRV_452,246-204-46-10-175-204-204-204,40,16,24,3.2,6,5,6.25,0,4,50,1
HybridRV_552,204-204-169-184-204-204-204-204,128,80,48,1.625,3,2,31.25,0,2,25,1
HybridRV_852,210-170-204-246-0-29-204-204,24,12,12,1.5,2,2,4.6875,0,5,62.5,1
HybridRV_152,209-204-139-106-66-166-204-71,36,4,32,2.77778,4,4,1.5625,0,6,75,1
HybridRV_652,36-204-204-165-204-175-10-111,30,6,24,3.4,4,2,2.34375,0,5,62.5,1
HybridRV_352,75-231-101-204-204-90-204-85,24,8,16,1.66667,2,3,3.125,0,5,62.5,1
HybridRV_52,204-204-246-235-159-204-204-204,64,16,48,1.875,3,4,6.25,0,3,37.5,1
HybridRV_252,10-204-204-75-204-204-204-116,72,48,24,1.33333,2,1,18.75,0,3,37.5,1
HybridRV_753,29-204-159-204-204-195-204-231,96,36,60,1.625,2,1,14.0625,0,4,50,1
HybridRV_953,226-204-204-204-204-154-204-204,112,32,80,1.71429,2,1,12.5,0,2,25,1
HybridRV_453,219-29-5-71-204-180-204-204,50,0,50,3.88,6,3,0,0,5,62.5,1
HybridRV_553,46-10-204-204-204-0-204-111,36,36,0,1,1,3,14.0625,0,4,50,0
HybridRV_853,204-240-106-204-204-204-204-160,48,32,16,1.33333,2,2,12.5,0,3,37.5,1
HybridRV_153,204-125-204-246-170-204-204-219,48,8,40,1.83333,2,1,3.125,0,4,50,1
HybridRV_653,45-130-204-204-169-204-204-204,68,48,20,1.29412,2,2,18.75,0,3,37.5,1
HybridRV_353,219-29-204-204-204-204-204-95,80,0,80,2.6,3,2,0,0,3,37.5,1
HybridRV_53,204-204-169-175-204-250-101-204,62,16,46,2.83871,6,3,6.25,0,4,50,1
HybridRV_253,180-159-204-215-160-144-10-204,12,6,6,1.5,2,6,2.34375,0,6,75,1
HybridRV_754,15-204-165-195-89-204-101-204,54,8,46,3.18519,6,3,3.125,0,5,62.5,1
HybridRV_954,204-5-126-204-204-204-60-250,56,20,36,1.64286,2,3,7.8125,0,4,50,1
HybridRV_454,204-246-255-204-231-255-60-5,18,0,18,2,2,2,0,0,6,75,1
HybridRV_554,20-204-204-204-66-111-219-24,30,0,30,4.2,5,4,0,0,5,62.5,1
HybridRV_854,204-204-36-204-150-204-204-204,144,64,80,1.55556,2,1,25,0,2,25,1
HybridRV_154,204-204-204-204-204-129-204-5,96,64,32,1.33333,2,1,25,0,2,25,1
HybridRV_654,204-235-184-204-204-204-85-204,64,32,32,1.5,2,3,12.5,0,3,37.5,1
HybridRV_354,60-246-45-190-159-204-204-15,28,4,24,2.28571,3,5,1.5625,0,6,75,1
HybridRV_54,204-129-170-189-144-204-154-135,50,3,47,3.36,4,4,1.17188,0,6,75,1
HybridRV_254,153-204-204-204-204-209-204-195,144,48,96,1.66667,2,1,18.75,0,3,37.5,1
HybridRV_755,215-159-204-204-120-125-30-204,52,4,48,1.92308,2,4,1.5625,0,5,62.5,1
HybridRV_955,204-204-226-204-165-101-190-204,80,10,70,2.775,4,3,3.90625,0,4,50,1
HybridRV_455,204-204-204-204-204-204-166-245,96,32,64,1.66667,2,2,12.5,0,2,25,1
HybridRV_555,204-154-204-204-231-159-204-36,70,12,58,1.82857,2,2,4.6875,0,4,50,1
HybridRV_855,80-153-204-116-129-240-204-204,40,8,32,4.2,6,3,3.125,0,5,62.5,1
HybridRV_155,159-130-85-204-111-29-204-204,22,8,14,1.90909,3,2,3.125,0,5,62.5,1
HybridRV_655,149-46-240-189-204-204-89-9,56,4,52,3.28571,6,3,1.5625,0,6,75,1
HybridRV_355,159-111-209-204-204-204-204-80,40,16,24,2.2,3,3,6.25,0,4,50,1
HybridRV_55,170-255-165-204-86-204-204-204,24,16,8,1.33333,2,2,6.25,0,4,50,1
HybridRV_255,204-24-204-204-24-75-204-204,84,24,60,2.09524,6,3,9.375,0,3,37.5,1
HybridRV_756,204-204-71-180-249-209-235-204,38,6,32,3.36842,6,5,2.34375,0,5,62.5,1
HybridRV_956,120-225-204-204-204-40-204-101,76,36,40,1.52632,2,2,14.0625,0,4,50,1
HybridRV_456,204-204-204-204-29-204-204-160,96,64,32,1.33333,2,1,25,0,2,25,1
HybridRV_556,149-204-40-204-9-204-204-135,32,16,16,1.5,2,1,6.25,0,4,50,1
HybridRV_856,246-204-249-204-204-204-204-204,160,64,96,1.6,2,1,25,0,2,25,1
HybridRV_156,204-204-204-204-204-195-30-75,64,32,32,1.75,3,5,12.5,0,3,37.5,1
HybridRV_656,101-204-204-249-204-15-204-204,48,32,16,1.33333,2,1,12.5,0,3,37.5,1
HybridRV_356,204-111-204-105-204-204-10-204,96,32,64,1.66667,2,1,12.5,0,3,37.5,1
HybridRV_56,250-29-204-135-204-204-65-40,40,6,34,4.2,6,3,2.34375,0,5,62.5,1
HybridRV_256,159-204-29-204-40-240-125-204,45,13,32,2.24444,4,2,5.07812,0,5,62.5,1
HybridRV_757,0-36-204-129-204-9-120-0,22,5,17,3.90909,6,2,1.95312,0,6,75,1
HybridRV_957,204-204-150-204-159-231-204-170,48,24,24,1.5,2,3,9.375,0,4,50,1
HybridRV_457,195-204-255-204-204-153-204-204,128,0,128,2,2,1,0,0,3,37.5,1
HybridRV_557,120-204-250-90-249-204-245-246,17,3,14,3.11765,4,4,1.17188,0,6,75,1
HybridRV_857,5-226-204-130-169-144-204-204,48,0,48,3.58333,6,4,0,0,5,62.5,1
HybridRV_157,149-204-235-204-190-135-204-86,30,10,20,2.06667,3,3,3.90625,0,5,62.5,1
HybridRV_657,204-36-226-204-204-153-149-165,76,6,70,5.10526,10,3,2.34375,0,5,62.5,1
HybridRV_357,204-153-204-189-150-204-204-165,72,8,64,2.22222,3,3,3.125,0,4,50,1
HybridRV_57,204-66-204-195-204-189-129-46,72,4,68,3.47222,6,3,1.5625,0,5,62.5,1
HybridRV_257,204-85-204-204-249-204-250-204,48,32,16,1.33333,2,1,12.5,0,3,37.5,1
HybridRV_758,204-219-204-126-204-29-204-204,92,32,60,1.65217,2,1,12.5,0,3,37.5,1
HybridRV_958,29-204-204-240-204-204-204-204,96,96,0,1,1,1,37.5,0,2,25,0
HybridRV_458,204-204-204-204-30-204-204-144,112,32,80,1.71429,2,1,12.5,0,2,25,1
HybridRV_558,204-204-46-204-85-235-204-144,72,8,64,2.88889,6,2,3.125,0,4,50,1
HybridRV_858,90-204-102-204-180-86-215-204,40,8,32,3,6,4,3.125,0,5,62.5,1
HybridRV_158,204-125-204-204-204-204-204-189,112,32,80,1.71429,2,1,12.5,0,2,25,1
HybridRV_658,204-240-219-204-45-204-204-215,36,12,24,1.66667,2,2,4.6875,0,4,50,1
HybridRV_358,204-204-204-204-86-150-231-204,48,24,24,2,4,5,9.375,0,3,37.5,1
HybridRV_58,45-204-204-46-204-116-189-106,50,18,32,1.64,2,3,7.03125,0,5,62.5,1
HybridRV_258,204-144-30-96-66-204-249-126,14,12,2,1.14286,2,6,4.6875,0,6,75,1
HybridRV_759,204-111-46-204-46-30-160-204,45,6,39,2.91111,6,3,2.34375,0,5,62.5,1
HybridRV_959,204-204-90-204-204-204-71-219,80,0,80,2.6,3,2,0,0,3,37.5,1
HybridRV_459,111-204-204-190-204-204-204-204,96,64,32,1.33333,2,1,25,0,2,25,1
HybridRV_559,204-204-153-149-204-204-204-204,96,64,32,1.33333,2,3,25,0,2,25,1
HybridRV_859,204-204-204-24-204-204-139-204,120,64,56,1.46667,2,1,25,0,2,25,1
HybridRV_159,255-204-20-204-245-204-75-204,36,16,20,1.55556,2,1,6.25,0,4,50,1
HybridRV_659,204-204-125-189-249-204-204-166,48,24,24,1.5,2,4,9.375,0,4,50,1
HybridRV_359,95-71-189-204-204-40-210-135,18,3,15,2.33333,3,3,1.17188,0,6,75,1
HybridRV_59,80-71-204-30-204-204-204-204,56,24,32,1.57143,2,2,9.375,0,3,37.5,1
HybridRV_259,160-204-130-135-204-125-102-96,30,4,26,3.06667,6,3,1.5625,0,6,75,1
HybridRV_760,204-89-9-204-204-204-204-204,128,64,64,1.625,3,2,25,0,2,25,1
HybridRV_960,204-204-102-204-96-204-245-204,96,32,64,1.66667,2,1,12.5,0,3,37.5,1
HybridRV_460,246-175-159-204-40-85-204-10,21,0,21,2.42857,3,3,0,0,6,75,1
HybridRV_560,126-106-204-204-204-219-235-86,36,24,12,1.33333,2,3,9.375,0,5,62.5,1
HybridRV_860,204-90-204-184-0-204-90-154,36,2,34,3.44444,6,2,0.78125,0,5,62.5,1
HybridRV_160,85-209-204-204-154-204-204-204,76,16,60,2.94737,6,3,6.25,0,3,37.5,1
HybridRV_660,204-204-204-204-204-111-204-24,112,48,64,1.57143,2,1,18.75,0,2,25,1
HybridRV_360,204-36-130-135-204-204-204-204,64,8,56,2.625,3,4,3.125,0,3,37.5,1
HybridRV_60,204-204-160-66-165-245-130-45,8,4,4,1.5,2,7,1.5625,0,6,75,1
HybridRV_260,204-86-204-204-204-204-204-135,96,64,32,1.33333,2,1,25,0,2,25,1
HybridRV_761,204-245-75-204-159-215-204-204,66,36,30,1.72727,3,2,14.0625,0,4,50,1
HybridRV_961,209-80-80-71-255-204-204-129,36,0,36,6,6,2,0,0,6,75,1
HybridRV_461,66-184-204-204-150-30-166-24,36,4,32,2.77778,4,6,1.5625,0,6,75,1
HybridRV_561,204-204-245-204-204-204-85-204,64,64,0,1,1,1,25,0,2,25,0
HybridRV_861,190-215-204-204-204-204-204-204,96,96,0,1,1,2,37.5,0,2,25,0
HybridRV_161,66-245-135-204-204-204-204-226,60,12,48,1.8,2,4,4.6875,0,4,50,1
HybridRV_661,166-204-204-95-40-95-20-204,42,2,40,3.52381,6,7,0.78125,0,5,62.5,1
HybridRV_361,245-204-204-204-204-204-101-9,64,32,32,1.5,2,3,12.5,0,3,37.5,1
HybridRV_61,204-45-249-204-165-204-204-66,48,24,24,1.5,2,2,9.375,0,4,50,1
HybridRV_261,20-150-170-40-209-204-204-204,40,8,32,2.6,4,5,3.125,0,5,62.5,1
HybridRV_762,204-180-219-126-204-154-102-204,48,8,40,4.29167,12,4,3.125,0,5,62.5,1
HybridRV_962,204-235-204-204-204-204-204-180,144,64,80,1.55556,2,1,25,0,2,25,1
HybridRV_462,190-153-36-6-204-204-215-204,45,16,29,1.64444,2,3,6.25,0,5,62.5,1
HybridRV_562,204-204-204-204-130-159-204-204,96,48,48,1.83333,3,2,18.75,0,2,25,1
HybridRV_862,204-180-204-204-250-60-135-219,71,0,71,6.92958,18,2,0,0,5,62.5,1
HybridRV_162,184-46-219-36-204-204-204-204,24,16,8,1.33333,2,5,6.25,0,4,50,1
HybridRV_662,204-116-170-10-204-85-159-190,24,3,21,3.20833,4,4,1.17188,0,6,75,1
HybridRV_362,125-169-204-66-204-154-255-40,13,9,4,1.30769,2,3,3.51562,0,6,75,1
HybridRV_62,125-139-204-204-204-204-125-30,80,16,64,2.3,3,3,6.25,0,4,50,1
HybridRV_262,235-204-154-204-150-204-246-40,48,4,44,1.91667,2,1,1.5625,0,5,62.5,1
HybridRV_763,204-231-204-204-204-204-170-204,96,64,32,1.33333,2,1,25,0,2,25,1
HybridRV_963,204-10-149-204-189-149-85-0,16,5,11,2.0625,3,4,1.95312,0,6,75,1
HybridRV_463,150-204-0-65-10-210-204-204,56,8,48,1.85714,2,4,3.125,0,5,62.5,1
HybridRV_563,204-169-125-210-130-204-204-250,20,6,14,2.8,4,7,2.34375,0,5,62.5,1
HybridRV_863,204-231-215-204-0-204-226-116,30,12,18,1.6,2,3,4.6875,0,5,62.5,1
HybridRV_163,45-175-231-190-9-102-204-204,24,2,22,2.33333,3,15,0.78125,0,6,75,1
HybridRV_663,204-204-209-45-90-24-89-204,62,12,50,2.74194,5,9,4.6875,0,5,62.5,1
HybridRV_363,20-204-184-90-204-90-166-210,29,12,17,2.51724,6,3,4.6875,0,6,75,1
HybridRV_63,149-105-204-204-0-96-250-255,16,4,12,2.5,3,2,1.5625,0,6,75,1
HybridRV_263,153-75-204-86-219-120-105-204,37,3,34,7.64865,12,5,1.17188,0,6,75,1
HybridRV_764,204-204-120-204-40-204-204-231,92,48,44,1.47826,2,1,18.75,0,3,37.5,1
HybridRV_964,95-95-204-24-135-204-15-204,20,6,14,2,3,3,2.34375,0,5,62.5,1
HybridRV_464,105-204-204-245-46-135-20-204,47,6,41,3.14894,6,6,2.34375,0,5,62.5,1
HybridRV_564,204-80-204-204-250-66-249-204,48,12,36,2.66667,4,3,4.6875,0,4,50,1
HybridRV_864,10-204-24-245-71-116-204-116,28,15,13,1.78571,3,7,5.85938,0,6,75,1
HybridRV_164,204-249-204-255-204-204-204-36,72,48,24,1.33333,2,1,18.75,0,3,37.5,1
HybridRV_664,120-204-90-180-160-204-129-154,44,2,42,2.90909,3,3,0.78125,0,6,75,1
HybridRV_364,20-204-184-0-160-204-204-5,16,8,8,1.5,2,2,3.125,0,5,62.5,1
HybridRV_64,204-169-204-204-153-204-204-204,144,64,80,1.55556,2,1,25,0,2,25,1
HybridRV_264,204-204-204-36-204-204-96-165,80,32,48,2.2,6,2,12.5,0,3,37.5,1
HybridRV_765,226-85-204-204-90-184-204-204,44,8,36,2.68182,6,3,3.125,0,4,50,1
HybridRV_965,204-204-15-204-29-204-126-204,72,24,48,1.66667,2,1,9.375,0,3,37.5,1
HybridRV_465,204-204-184-150-204-101-215-46,38,12,26,1.89474,3,3,4.6875,0,5,62.5,1
HybridRV_565,235-159-204-204-204-30-204-204,64,16,48,2.75,6,2,6.25,0,3,37.5,1
HybridRV_865,204-204-204-160-130-153-204-126,72,12,60,2.66667,4,2,4.6875,0,4,50,1
HybridRV_165,204-204-204-204-240-204-204-180,128,64,64,1.5,2,1,25,0,2,25,1
HybridRV_665,204-204-204-126-204-204-210-204,120,64,56,1.46667,2,1,25,0,2,25,1
HybridRV_365,204-30-204-5-30-116-116-204,50,6,44,3.92,10,7,2.34375,0,5,62.5,1
HybridRV_65,204-189-89-204-204-204-111-102,84,32,52,1.61905,2,2,12.5,0,4,50,1
HybridRV_265,204-180-204-204-204-215-204-10,72,32,40,1.55556,2,1,12.5,0,3,37.5,1
HybridRV_766,66-225-204-204-65-210-235-204,57,1,56,3.85965,6,5,0.390625,0,5,62.5,1
HybridRV_966,204-204-204-175-90-204-153-204,88,32,56,2,4,2,12.5,0,3,37.5,1
HybridRV_466,150-45-204-204-204-250-153-204,80,16,64,3.3,6,2,6.25,0,4,50,1
HybridRV_566,204-149-204-195-204-204-30-204,120,48,72,1.6,2,1,18.75,0,3,37.5,1
HybridRV_866,153-235-204-204-204-204-204-204,96,96,0,1,1,2,37.5,0,2,25,0
HybridRV_166,204-204-204-184-204-204-204-10,96,64,32,1.33333,2,1,25,0,2,25,1
HybridRV_666,204-116-139-135-204-175-0-204,24,6,18,2,3,6,2.34375,0,5,62.5,1
HybridRV_366,96-204-204-149-250-204-204-204,88,32,56,2.63636,4,2,12.5,0,3,37.5,1
HybridRV_66,204-204-139-125-24-165-80-169,20,2,18,4.5,6,9,0.78125,0,6,75,1
HybridRV_266,204-204-130-204-209-204-204-204,128,64,64,1.5,2,1,25,0,2,25,1
HybridRV_767,6-159-204-204-130-10-204-29,44,2,42,4.45455,6,3,0.78125,0,5,62.5,1
HybridRV_967,6-95-204-60-204-85-204-65,96,0,96,4,6,1,0,0,5,62.5,1
HybridRV_467,250-204-204-204-204-204-204-240,64,64,0,1,1,1,25,0,2,25,0
HybridRV_567,102-204-195-204-204-215-29-111,48,0,48,2,2,5,0,0,5,62.5,1
HybridRV_867,101-129-215-204-204-170-204-5,12,4,8,1.66667,2,5,1.5625,0,5,62.5,1
HybridRV_167,204-226-246-226-204-209-65-154,15,1,14,3.93333,6,4,0.390625,0,6,75,1
HybridRV_667,9-204-204-90-204-204-204-101,96,48,48,1.5,2,1,18.75,0,3,37.5,1
HybridRV_367,204-5-175-40-175-245-204-204,20,4,16,1.8,2,6,1.5625,0,5,62.5,1
HybridRV_67,204-204-5-102-105-210-255-204,64,0,64,4,4,2,0,0,5,62.5,1
HybridRV_267,204-204-60-255-225-170-95-135,8,4,4,1.5,2,4,1.5625,0,6,75,1
HybridRV_768,204-204-204-135-245-204-204-45,72,32,40,1.88889,3,2,12.5,0,3,37.5,1
HybridRV_968,189-204-85-6-106-5-204-204,28,12,16,2.71429,4,6,4.6875,0,5,62.5,1
HybridRV_468,204-149-130-130-106-165-30-204,8,3,5,1.75,3,10,1.17188,0,6,75,1
HybridRV_568,204-226-204-204-111-204-153-204,116,32,84,1.72414,2,1,12.5,0,3,37.5,1
HybridRV_868,204-65-204-231-204-204-204-153,112,0,112,2,2,1,0,0,3,37.5,1
HybridRV_168,80-189-204-204-204-204-204-204,96,96,0,1,1,2,37.5,0,2,25,0
HybridRV_668,215-204-204-231-45-139-189-40,25,0,25,5.64,6,5,0,0,6,75,1
HybridRV_368,204-204-204-204-46-190-204-204,96,48,48,1.5,2,3,18.75,0,2,25,1
HybridRV_68,204-204-255-65-71-90-86-75,16,8,8,1.5,2,7,3.125,0,6,75,1
HybridRV_268,204-204-204-204-20-66-204-149,80,16,64,1.8,2,2,6.25,0,3,37.5,1
HybridRV_769,204-204-250-165-204-204-180-204,84,32,52,2.19048,4,2,12.5,0,3,37.5,1
HybridRV_969,204-40-204-204-204-204-105-245,96,32,64,1.66667,2,1,12.5,0,3,37.5,1
HybridRV_469,204-204-204-204-249-204-106-204,128,64,64,1.5,2,1,25,0,2,25,1
HybridRV_569,204-204-246-204-170-204-204-130,48,32,16,1.33333,2,1,12.5,0,3,37.5,1
HybridRV_869,204-29-204-24-255-204-111-204,50,20,30,1.6,2,2,7.8125,0,4,50,1
HybridRV_169,204-225-6-5-209-204-36-204,39,2,37,3.82051,6,5,0.78125,0,5,62.5,1
HybridRV_669,204-246-6-65-204-159-250-9,20,3,17,2.7,4,3,1.17188,0,6,75,1
HybridRV_369,204-204-204-60-204-30-204-10,96,32,64,1.66667,2,1,12.5,0,3,37.5,1
HybridRV_69,169-204-204-204-204-159-204-204,144,64,80,1.55556,2,1,25,0,2,25,1
HybridRV_269,210-166-204-204-249-204-204-204,56,16,40,1.71429,2,2,6.25,0,3,37.5,1
HybridRV_770,204-204-120-30-0-204-204-204,80,32,48,2.2,3,2,12.5,0,3,37.5,1
HybridRV_970,204-71-225-6-204-15-204-226,33,9,24,2.45455,4,4,3.51562,0,5,62.5,1
HybridRV_470,15-240-46-204-6-204-184-125,12,4,8,1.66667,2,3,1.5625,0,6,75,1
HybridRV_570,204-125-204-204-231-189-240-20,68,0,68,3.64706,6,3,0,0,5,62.5,1
HybridRV_870,204-204-30-10-204-219-204-120,48,16,32,1.66667,2,3,6.25,0,4,50,1
HybridRV_170,204-204-40-165-245-20-204-204,40,12,28,2,3,8,4.6875,0,4,50,1
HybridRV_670,204-204-204-195-139-204-204-204,112,64,48,1.42857,2,2,25,0,2,25,1
HybridRV_370,204-106-240-106-130-86-204-204,60,14,46,3.2,8,12,5.46875,0,5,62.5,1
HybridRV_70,225-204-204-40-150-204-204-204,80,16,64,2.55,6,3,6.25,0,3,37.5,1
HybridRV_270,204-96-190-204-30-89-204-204,54,20,34,2.62963,6,3,7.8125,0,4,50,1
HybridRV_771,250-204-190-204-149-89-204-85,28,8,20,2.78571,6,3,3.125,0,5,62.5,1
HybridRV_971,204-204-85-120-204-204-204-204,96,32,64,2.66667,4,0,12.5,1,2,25,1
HybridRV_471,184-250-204-204-204-135-160-204,48,32,16,1.66667,3,2,12.5,0,4,50,1
HybridRV_571,180-209-204-204-246-204-106-105,52,8,44,3.19231,6,2,3.125,0,5,62.5,1
HybridRV_871,204-102-204-204-106-86-86-204,52,16,36,2.07692,6,5,6.25,0,4,50,1
HybridRV_171,204-36-160-204-204-166-204-204,78,40,38,1.48718,2,3,15.625,0,3,37.5,1
HybridRV_671,204-29-204-60-204-204-204-204,128,32,96,1.75,2,1,12.5,0,2,25,1
HybridRV_371,204-204-204-204-95-85-204-204,64,64,0,1,1,2,25,0,2,25,0
HybridRV_71,235-204-20-15-204-120-215-204,50,4,46,1.92,2,3,1.5625,0,5,62.5,1
HybridRV_271,204-204-204-204-204-80-75-204,128,64,64,1.625,3,2,25,0,2,25,1
HybridRV_772,149-15-204-204-204-204-204-204,192,128,64,1.33333,2,0,50,1,2,25,1
HybridRV_972,204-30-30-6-204-9-190-204,30,12,18,1.6,2,5,4.6875,0,5,62.5,1
HybridRV_472,0-144-204-150-204-30-46-60,24,4,20,1.83333,2,5,1.5625,0,6,75,1
HybridRV_572,150-240-71-10-204-204-46-159,47,0,47,3.95745,6,4,0,0,6,75,1
HybridRV_872,204-204-195-195-204-204-204-204,128,64,64,2,4,0,25,1,2,25,1
HybridRV_172,195-130-204-204-204-204-86-204,96,0,96,3,4,1,0,0,3,37.5,1
HybridRV_672,204-204-204-126-204-204-90-204,96,64,32,1.33333,2,1,25,0,2,25,1
HybridRV_372,195-204-105-215-204-40-204-204,72,0,72,2,2,2,0,0,4,50,1
HybridRV_72,204-66-204-150-204-85-204-195,96,16,80,1.83333,2,1,6.25,0,4,50,1
HybridRV_272,204-45-204-219-153-195-204-255,20,12,8,1.4,2,3,4.6875,0,5,62.5,1
HybridRV_773,36-225-166-125-204-46-204-10,18,1,17,2.44444,3,7,0.390625,0,6,75,1
HybridRV_973,75-159-85-190-80-10-204-204,32,0,32,3.75,6,4,0,0,6,75,1
HybridRV_473,204-204-204-9-166-10-226-189,24,0,24,3,3,6,0,0,5,62.5,1
HybridRV_573,85-180-204-204-204-204-135-153,96,0,96,4.33333,6,2,0,0,4,50,1
HybridRV_873,89-219-204-204-204-204-204-66,72,72,0,1,1,3,28.125,0,3,37.5,0
HybridRV_173,204-215-153-204-226-204-204-204,100,48,52,1.52,2,2,18.75,0,3,37.5,1
HybridRV_673,204-240-102-90-5-204-116-246,48,4,44,5.83333,7,2,1.5625,0,6,75,1
HybridRV_373,204-204-204-204-204-255-46-240,96,32,64,1.66667,2,2,12.5,0,3,37.5,1
HybridRV_73,85-190-219-204-231-165-204-204,42,14,28,2.57143,6,4,5.46875,0,5,62.5,1
HybridRV_273,204-204-225-204-204-225-129-204,76,32,44,1.57895,2,2,12.5,0,3,37.5,1
HybridRV_774,80-204-204-66-204-150-36-204,54,20,34,2.62963,6,3,7.8125,0,4,50,1
HybridRV_974,204-204-24-204-169-71-24-144,44,0,44,4,4,4,0,0,5,62.5,1
HybridRV_474,90-215-180-204-95-66-204-195,18,2,16,1.88889,2,5,0.78125,0,6,75,1
HybridRV_574,9-204-102-204-204-204-36-126,104,24,80,1.76923,2,2,9.375,0,4,50,1
HybridRV_874,75-210-204-75-204-149-219-204,42,10,32,2.95238,6,3,3.90625,0,5,62.5,1
HybridRV_174,204-30-204-204-210-204-204-204,120,64,56,1.46667,2,1,25,0,2,25,1
HybridRV_674,204-204-219-184-204-204-20-204,66,24,42,1.63636,2,3,9.375,0,3,37.5,1
HybridRV_374,204-204-204-65-204-111-204-111,96,40,56,1.58333,2,1,15.625,0,3,37.5,1
HybridRV_74,166-170-204-204-249-204-160-204,48,16,32,1.66667,2,1,6.25,0,4,50,1
HybridRV_274,204-255-66-204-204-144-204-80,36,24,12,1.33333,2,2,9.375,0,4,50,1
HybridRV_775,105-204-204-204-106-204-204-219,112,16,96,1.85714,2,1,6.25,0,3,37.5,1
HybridRV_975,204-60-204-195-204-204-204-106,144,48,96,1.66667,2,1,18.75,0,3,37.5,1
HybridRV_475,175-24-15-169-40-204-246-204,28,4,24,2.64286,4,4,1.5625,0,6,75,1
HybridRV_575,20-204-204-130-24-204-204-231,59,45,14,1.23729,2,3,17.5781,0,4,50,1
HybridRV_875,75-204-165-189-204-101-149-30,25,4,21,1.96,3,6,1.5625,0,6,75,1
HybridRV_175,209-153-204-204-204-204-46-204,88,16,72,1.81818,2,2,6.25,0,3,37.5,1
HybridRV_675,129-204-204-204-139-45-105-204,50,6,44,2.64,6,5,2.34375,0,4,50,1
HybridRV_375,204-219-204-102-204-215-204-204,112,16,96,1.85714,2,1,6.25,0,3,37.5,1
HybridRV_75,204-204-80-204-175-195-166-204,56,24,32,2,3,3,9.375,0,4,50,1
HybridRV_275,204-219-204-204-170-106-96-204,50,24,26,1.52,2,5,9.375,0,4,50,1
HybridRV_776,195-219-204-204-204-24-204-204,68,0,68,2,2,2,0,0,3,37.5,1
HybridRV_976,120-204-204-249-204-10-204-125,36,24,12,1.33333,2,1,9.375,0,4,50,1
HybridRV_476,106-30-204-166-60-204-9-180,60,3,57,8.5,12,2,1.17188,0,6,75,1
HybridRV_576,40-204-102-204-204-204-226-204,120,48,72,1.6,2,1,18.75,0,3,37.5,1
HybridRV_876,169-204-204-20-204-204-231-101,92,24,68,1.73913,2,2,9.375,0,4,50,1
HybridRV_176,180-204-204-204-204-204-204-24,112,48,64,1.57143,2,1,18.75,0,2,25,1
HybridRV_676,204-126-125-204-249-169-40-102,43,2,41,3.7907,6,3,0.78125,0,6,75,1
HybridRV_376,85-204-204-102-204-24-150-46,24,16,8,1.33333,2,3,6.25,0,5,62.5,1
HybridRV_76,204-204-204-24-245-204-204-204,112,80,32,1.57143,3,2,31.25,0,2,25,1
HybridRV_276,0-175-75-0-204-170-204-204,16,16,0,1,1,2,6.25,0,5,62.5,0
HybridRV_777,75-30-204-159-204-204-105-204,100,0,100,4.8,6,1,0,0,4,50,1
HybridRV_977,204-204-144-165-204-204-29-204,80,32,48,2.2,6,2,12.5,0,3,37.5,1
HybridRV_477,66-165-204-120-9-120-184-204,24,4,20,2.33333,3,6,1.5625,0,6,75,1
HybridRV_577,45-204-225-204-231-86-80-204,45,9,36,3.04444,4,3,3.51562,0,5,62.5,1
HybridRV_877,96-40-204-204-204-154-29-204,48,18,30,2,3,3,7.03125,0,4,50,1
HybridRV_177,129-149-204-204-204-204-204-36,88,24,64,1.72727,2,2,9.375,0,3,37.5,1
HybridRV_677,204-204-204-204-165-169-204-204,112,64,48,1.71429,3,3,25,0,2,25,1
HybridRV_377,204-204-204-204-204-209-130-215,48,32,16,1.66667,3,2,12.5,0,3,37.5,1
HybridRV_77,204-204-102-204-101-101-60-71,64,8,56,3.25,6,4,3.125,0,5,62.5,1
HybridRV_277,126-101-24-204-204-246-204-225,44,8,36,1.81818,2,4,3.125,0,5,62.5,1
HybridRV_778,204-175-204-190-180-180-85-0,10,6,4,1.4,2,5,2.34375,0,6,75,1
HybridRV_978,150-204-90-102-89-204-204-20,80,8,72,3.85,6,3,3.125,0,5,62.5,1
HybridRV_478,175-204-204-204-204-204-204-190,128,64,64,1.5,2,1,25,0,2,25,1
HybridRV_578,204-204-139-204-204-204-204-6,128,96,32,1.25,2,1,37.5,0,2,25,1
HybridRV_878,204-204-111-184-190-101-105-246,18,8,10,2.44444,4,13,3.125,0,6,75,1
HybridRV_178,204-204-250-204-65-204-204-204,96,64,32,1.33333,2,1,25,0,2,25,1
HybridRV_678,204-204-75-204-204-204-204-166,128,96,32,1.25,2,1,37.5,0,2,25,1
HybridRV_378,204-129-204-204-10-204-40-204,72,32,40,1.55556,2,1,12.5,0,3,37.5,1
HybridRV_78,105-204-170-204-85-204-204-159,48,8,40,1.83333,2,1,3.125,0,4,50,1
HybridRV_278,231-204-36-204-204-219-204-160,54,12,42,1.77778,2,1,4.6875,0,4,50,1
HybridRV_779,204-255-204-204-139-139-235-204,36,24,12,1.66667,3,5,9.375,0,4,50,1
HybridRV_979,125-204-245-96-204-139-204-204,60,10,50,2.13333,3,3,3.90625,0,4,50,1
HybridRV_479,6-160-204-60-204-195-65-204,92,16,76,3.65217,12,1,6.25,0,5,62.5,1
HybridRV_579,204-204-204-80-204-46-245-204,64,32,32,1.5,2,2,12.5,0,3,37.5,1
HybridRV_879,204-40-245-40-85-204-101-246,19,4,15,1.94737,3,4,1.5625,0,6,75,1
HybridRV_179,209-204-204-89-204-150-126-204,67,10,57,2.97015,6,3,3.90625,0,4,50,1
HybridRV_679,24-245-129-209-226-144-204-204,26,8,18,1.69231,2,7,3.125,0,6,75,1
HybridRV_379,204-204-204-30-130-111-240-204,24,8,16,2.33333,3,5,3.125,0,4,50,1
HybridRV_79,226-204-15-204-204-204-204-204,96,32,64,1.66667,2,1,12.5,0,2,25,1
HybridRV_279,204-204-204-204-30-204-204-184,112,32,80,1.71429,2,1,12.5,0,2,25,1
HybridRV_780,204-30-66-204-175-204-175-204,32,16,16,1.5,2,2,6.25,0,4,50,1
HybridRV_980,204-204-204-204-204-96-204-250,96,64,32,1.33333,2,1,25,0,2,25,1
HybridRV_480,45-9-169-255-66-204-169-204,27,18,9,1.33333,2,3,7.03125,0,6,75,1
HybridRV_580,86-204-204-116-165-120-219-255,32,6,26,2.75,6,7,2.34375,0,6,75,1
HybridRV_880,204-204-204-204-209-204-30-204,112,48,64,1.57143,2,1,18.75,0,2,25,1
HybridRV_180,204-204-169-204-235-204-204-204,128,80,48,1.375,2,1,31.25,0,2,25,1
HybridRV_680,159-135-204-219-159-204-204-190,64,18,46,2.1875,6,2,7.03125,0,5,62.5,1
HybridRV_380,240-204-204-165-95-40-226-204,20,8,12,2.4,4,7,3.125,0,5,62.5,1
HybridRV_80,85-204-24-231-204-166-240-204,72,10,62,2.94444,6,3,3.90625,0,5,62.5,1
HybridRV_280,116-204-190-159-165-60-204-204,48,0,48,4,4,5,0,0,5,62.5,1
HybridRV_781,204-6-204-96-204-0-116-246,32,16,16,1.5,2,3,6.25,0,5,62.5,1
HybridRV_981,96-0-204-204-24-0-139-71,6,2,4,1.66667,2,2,0.78125,0,6,75,1
HybridRV_481,5-204-204-204-204-40-204-249,64,16,48,1.75,2,1,6.25,0,3,37.5,1
HybridRV_581,204-89-6-204-125-135-204-204,76,28,48,2.15789,6,3,10.9375,0,4,50,1
HybridRV_881,204-219-204-184-5-246-246-204,38,0,38,3.84211,6,6,0,0,5,62.5,1
HybridRV_181,204-102-204-120-6-249-0-111,28,0,28,2.42857,3,3,0,0,6,75,1
HybridRV_681,204-71-80-204-204-215-204-204,66,32,34,2,6,3,12.5,0,3,37.5,1
HybridRV_381,231-204-204-204-180-204-204-204,112,32,80,1.71429,2,1,12.5,0,2,25,1
HybridRV_81,204-204-225-204-204-85-29-165,96,32,64,1.66667,2,1,12.5,0,4,50,1
HybridRV_281,169-116-102-10-126-204-204-30,46,4,42,4,6,6,1.5625,0,6,75,1
HybridRV_782,15-90-75-204-204-204-184-150,80,12,68,3.05,6,2,4.6875,0,5,62.5,1
HybridRV_982,139-135-20-204-20-204-139-204,55,0,55,4.49091,6,3,0,0,5,62.5,1
HybridRV_482,219-204-204-204-149-204-204-204,112,32,80,1.71429,2,1,12.5,0,2,25,1
HybridRV_582,204-215-204-129-129-10-96-204,32,2,30,1.9375,2,5,0.78125,0,5,62.5,1
HybridRV_882,204-116-225-240-169-209-204-105,50,4,46,3.6,6,9,1.5625,0,6,75,1
HybridRV_182,204-204-204-45-101-111-204-204,80,32,48,1.8,3,5,12.5,0,3,37.5,1
HybridRV_682,204-204-204-204-249-204-29-80,80,8,72,2.6,3,3,3.125,0,3,37.5,1
HybridRV_382,204-204-204-210-66-86-225-204,32,12,20,2.25,3,6,4.6875,0,4,50,1
HybridRV_82,204-231-245-204-204-204-204-24,68,12,56,2.47059,6,2,4.6875,0,3,37.5,1
HybridRV_282,102-204-204-209-204-36-125-95,36,10,26,1.72222,2,3,3.90625,0,5,62.5,1
HybridRV_783,184-149-125-71-66-204-204-153,52,0,52,3.38462,6,3,0,0,6,75,1
HybridRV_983,66-135-65-204-111-20-154-204,19,0,19,3,3,4,0,0,6,75,1
HybridRV_483,85-204-204-204-204-204-60-0,64,32,32,1.5,2,1,12.5,0,3,37.5,1
HybridRV_583,204-219-46-0-204-204-204-204,64,32,32,1.5,2,3,12.5,0,3,37.5,1
HybridRV_883,204-204-204-15-5-204-204-204,64,64,0,1,1,2,25,0,2,25,0
HybridRV_183,71-204-204-129-10-159-204-66,39,4,35,3.20513,6,3,1.5625,0,5,62.5,1
HybridRV_683,204-204-204-204-204-204-245-246,64,64,0,1,1,3,25,0,2,25,0
HybridRV_383,204-235-204-120-204-219-165-24,52,4,48,2.84615,4,3,1.5625,0,5,62.5,1
HybridRV_83,86-204-215-195-204-204-10-111,24,8,16,1.66667,2,3,3.125,0,5,62.5,1
HybridRV_283,204-204-204-204-170-71-204-153,80,0,80,4.4,6,3,0,0,3,37.5,1
HybridRV_784,36-204-204-226-204-204-235-235,52,36,16,1.30769,2,3,14.0625,0,4,50,1
HybridRV_984,96-204-204-204-60-204-204-184,96,16,80,1.83333,2,1,6.25,0,3,37.5,1
HybridRV_484,166-204-204-184-204-9-15-95,60,8,52,3.96667,6,2,3.125,0,5,62.5,1
HybridRV_584,204-101-204-204-235-204-9-204,92,32,60,1.65217,2,1,12.5,0,3,37.5,1
HybridRV_884,204-204-160-215-204-135-40-204,48,10,38,2.33333,3,2,3.90625,0,4,50,1
HybridRV_184,204-169-204-204-204-29-204-204,120,64,56,1.46667,2,1,25,0,2,25,1
HybridRV_684,250-5-204-204-153-195-204-135,20,4,16,3.4,4,2,1.5625,0,5,62.5,1
HybridRV_384,204-46-204-166-204-204-204-204,128,64,64,1.5,2,1,25,0,2,25,1
HybridRV_84,215-153-204-204-75-89-29-65,43,4,39,2.81395,6,8,1.5625,0,6,75,1
HybridRV_284,204-204-204-204-204-195-204-90,128,64,64,1.5,2,1,25,0,2,25,1
HybridRV_785,184-165-204-159-160-85-225-204,31,3,28,4.87097,8,5,1.17188,0,6,75,1
HybridRV_985,45-105-80-204-204-204-255-204,56,32,24,1.85714,3,3,12.5,0,4,50,1
HybridRV_485,180-225-204-204-226-135-60-204,28,8,20,1.71429,2,5,3.125,0,5,62.5,1
HybridRV_585,10-10-204-215-204-101-153-249,25,1,24,3.56,4,4,0.390625,0,6,75,1
HybridRV_885,204-149-101-204-204-204-204-204,112,64,48,1.85714,3,2,25,0,2,25,1
HybridRV_185,166-246-190-153-126-166-204-204,28,4,24,2.42857,3,5,1.5625,0,6,75,1
HybridRV_685,36-204-235-89-130-204-40-90,44,9,35,3.40909,6,4,3.51562,0,6,75,1
HybridRV_385,190-204-204-204-204-255-235-204,72,72,0,1,1,1,28.125,0,3,37.5,0
HybridRV_85,204-204-226-204-204-154-204-204,120,64,56,1.46667,2,1,25,0,2,25,1
HybridRV_285,204-204-204-204-215-204-180-190,64,32,32,2.75,6,2,12.5,0,3,37.5,1
HybridRV_786,204-101-231-71-204-204-204-204,64,16,48,2.125,3,4,6.25,0,3,37.5,1
HybridRV_986,204-204-71-189-204-204-204-204,96,48,48,1.5,2,3,18.75,0,2,25,1
HybridRV_486,111-204-204-204-204-204-165-204,64,64,0,1,1,1,25,0,2,25,0
HybridRV_586,204-149-10-204-175-5-150-65,27,4,23,3,6,4,1.5625,0,6,75,1
HybridRV_886,195-204-204-204-204-204-204-130,128,0,128,2,2,1,0,0,2,25,1
HybridRV_186,153-204-204-204-169-165-204-15,128,16,112,3.3125,6,1,6.25,0,4,50,1
HybridRV_686,111-204-85-36-204-204-111-219,40,4,36,2.8,3,2,1.5625,0,5,62.5,1
HybridRV_386,204-150-46-105-204-204-249-204,81,16,65,2.5679,6,2,6.25,0,4,50,1
HybridRV_86,86-153-204-159-154-204-204-204,92,16,76,3.30435,6,2,6.25,0,4,50,1
HybridRV_286,45-126-160-204-126-180-204-126,44,8,36,2.45455,3,2,3.125,0,6,75,1
HybridRV_787,204-204-204-129-204-204-159-204,120,64,56,1.46667,2,1,25,0,2,25,1
HybridRV_987,215-204-175-204-65-189-184-15,18,0,18,5,6,6,0,0,6,75,1
HybridRV_487,204-30-204-166-204-95-204-250,40,16,24,1.6,2,1,6.25,0,4,50,1
HybridRV_587,204-66-184-154-204-120-204-135,27,9,18,1.66667,2,3,3.51562,0,5,62.5,1
HybridRV_887,204-85-204-204-204-204-75-204,96,64,32,1.33333,2,1,25,0,2,25,1
HybridRV_187,219-204-204-195-204-204-204-210,96,16,80,1.83333,2,1,6.25,0,3,37.5,1
HybridRV_687,204-120-204-85-204-204-129-204,72,32,40,1.55556,2,1,12.5,0,3,37.5,1
HybridRV_387,204-195-153-175-204-106-204-204,128,24,104,2.75,6,1,9.375,0,4,50,1
HybridRV_87,204-204-204-204-153-204-240-246,80,32,48,1.6,2,2,12.5,0,3,37.5,1
HybridRV_287,245-71-180-219-204-175-204-255,26,4,22,3.92308,6,3,1.5625,0,6,75,1
HybridRV_788,190-204-111-204-204-210-204-204,96,48,48,1.5,2,1,18.75,0,3,37.5,1
HybridRV_988,204-126-36-204-204-219-204-190,80,8,72,2.875,6,3,3.125,0,4,50,1
HybridRV_488,204-255-245-204-170-204-204-204,32,32,0,1,1,2,12.5,0,3,37.5,0
HybridRV_588,169-102-165-135-204-215-204-204,88,0,88,7.45455,14,1,0,0,5,62.5,1
HybridRV_888,204-204-86-5-204-190-184-204,70,24,46,2.14286,6,3,9.375,0,4,50,1
HybridRV_188,6-204-149-204-204-204-204-204,128,64,64,1.5,2,1,25,0,2,25,1
HybridRV_688,204-89-204-65-5-204-255-225,54,26,28,1.51852,2,2,10.1562,0,5,62.5,1
HybridRV_388,204-144-65-204-204-219-209-170,24,4,20,1.83333,2,2,1.5625,0,5,62.5,1
HybridRV_88,204-204-204-80-105-204-204-204,128,64,64,1.75,3,1,25,0,2,25,1
HybridRV_288,204-204-86-204-204-240-0-204,48,32,16,1.33333,2,1,12.5,0,3,37.5,1
HybridRV_789,250-190-204-204-46-225-10-90,41,8,33,3.63415,12,6,3.125,0,6,75,1
HybridRV_989,204-204-120-246-204-204-204-160,88,32,56,1.90909,3,2,12.5,0,3,37.5,1
HybridRV_489,24-204-101-204-204-204-65-250,60,12,48,3.06667,6,3,4.6875,0,4,50,1
HybridRV_589,204-204-204-204-204-15-204-40,64,64,0,1,1,1,25,0,2,25,0
HybridRV_889,129-204-0-36-204-204-204-95,36,12,24,1.66667,2,2,4.6875,0,4,50,1
HybridRV_189,204-246-15-204-204-204-204-204,96,64,32,1.66667,3,2,25,0,2,25,1
HybridRV_689,204-204-250-204-204-226-45-204,64,24,40,2,3,3,9.375,0,3,37.5,1
HybridRV_389,204-180-204-204-204-204-0-46,88,64,24,1.27273,2,1,25,0,3,37.5,1
HybridRV_89,204-209-204-204-169-149-204-204,80,32,48,2,6,3,12.5,0,3,37.5,1
HybridRV_289,71-204-204-204-160-9-204-204,72,12,60,2.66667,6,3,4.6875,0,3,37.5,1
HybridRV_790,101-204-36-204-60-204-204-204,96,48,48,1.5,2,1,18.75,0,3,37.5,1
HybridRV_990,204-29-204-36-159-6-80-204,26,3,23,2.57692,3,5,1.17188,0,5,62.5,1
HybridRV_490,160-154-204-210-204-204-204-204,48,32,16,1.33333,2,2,12.5,0,3,37.5,1
HybridRV_590,246-204-9-204-204-204-204-204,160,64,96,1.6,2,1,25,0,2,25,1
HybridRV_890,204-80-5-150-46-204-125-225,19,12,7,1.73684,3,6,4.6875,0,6,75,1
HybridRV_190,204-204-245-204-45-204-106-204,80,32,48,1.6,2,1,12.5,0,3,37.5,1
HybridRV_690,204-24-89-204-204-204-204-204,144,64,80,1.77778,3,2,25,0,2,25,1
HybridRV_390,204-204-40-204-204-125-204-204,120,64,56,1.46667,2,1,25,0,2,25,1
HybridRV_90,106-204-204-15-86-111-190-204,30,6,24,2.2,3,4,2.34375,0,5,62.5,1
HybridRV_290,105-204-204-80-102-204-180-204,96,24,72,1.75,2,1,9.375,0,4,50,1
HybridRV_791,204-204-20-106-125-36-204-204,52,16,36,2.76923,6,5,6.25,0,4,50,1
HybridRV_991,159-106-204-204-24-204-45-170,24,8,16,1.66667,2,2,3.125,0,5,62.5,1
HybridRV_491,153-204-6-204-204-204-204-204,128,64,64,1.5,2,1,25,0,2,25,1
HybridRV_591,190-165-204-204-101-204-129-204,50,18,32,1.64,2,3,7.03125,0,4,50,1
HybridRV_891,204-125-40-46-80-204-30-144,30,2,28,3.93333,6,5,0.78125,0,6,75,1
HybridRV_191,204-204-0-150-204-204-204-89,96,16,80,1.83333,2,1,6.25,0,3,37.5,1
HybridRV_691,85-204-204-204-204-204-250-139,64,16,48,2.5,3,2,6.25,0,3,37.5,1
HybridRV_391,204-46-204-204-75-204-240-126,54,24,30,1.55556,2,2,9.375,0,4,50,1
HybridRV_91,90-235-204-120-204-129-166-190,20,2,18,3.4,6,5,0.78125,0,6,75,1
HybridRV_291,204-135-204-204-204-80-154-204,66,32,34,2,6,2,12.5,0,3,37.5,1
HybridRV_792,204-204-125-169-204-165-204-246,48,24,24,1.5,2,3,9.375,0,4,50,1
HybridRV_992,204-204-165-111-195-204-20-204,34,24,10,1.29412,2,5,9.375,0,4,50,1
HybridRV_492,250-204-250-204-204-204-29-71,32,32,0,1,1,3,12.5,0,4,50,0
HybridRV_592,204-129-204-204-209-95-204-126,64,36,28,1.4375,2,2,14.0625,0,4,50,1
HybridRV_892,204-204-204-204-190-204-102-204,144,64,80,1.55556,2,1,25,0,2,25,1
HybridRV_192,204-204-153-189-204-215-204-204,72,56,16,1.22222,2,3,21.875,0,3,37.5,1
HybridRV_692,209-111-102-111-144-204-225-204,45,4,41,2.51111,6,5,1.5625,0,6,75,1
HybridRV_392,204-204-204-71-204-175-250-126,32,20,12,1.375,2,4,7.8125,0,4,50,1
HybridRV_92,204-204-204-204-240-204-85-209,96,0,96,3,3,1,0,0,3,37.5,1
HybridRV_292,249-15-246-204-166-209-204-175,40,5,35,3.15,6,3,1.95312,0,6,75,1
HybridRV_793,225-40-24-204-204-204-189-20,40,0,40,4,6,4,0,0,5,62.5,1
HybridRV_993,105-15-204-90-116-226-86-204,66,3,63,6,12,4,1.17188,0,6,75,1
HybridRV_493,204-129-106-189-245-102-154-204,17,5,12,1.70588,2,5,1.95312,0,6,75,1
HybridRV_593,45-204-204-60-204-204-153-204,144,48,96,1.66667,2,1,18.75,0,3,37.5,1
HybridRV_893,204-165-204-204-204-184-65-204,56,24,32,1.57143,2,3,9.375,0,3,37.5,1
HybridRV_193,204-204-204-204-46-184-204-144,96,16,80,1.83333,2,1,6.25,0,3,37.5,1
HybridRV_693,204-204-204-204-204-135-129-204,96,64,32,1.33333,2,2,25,0,2,25,1
HybridRV_393,204-204-204-246-204-24-190-160,36,28,8,1.22222,2,4,10.9375,0,4,50,1
HybridRV_93,204-204-204-204-111-204-60-24,88,24,64,1.72727,2,2,9.375,0,3,37.5,1
HybridRV_293,153-0-85-165-15-204-85-204,8,0,8,2,2,3,0,0,6,75,1
HybridRV_794,204-204-204-204-86-204-204-95,96,64,32,1.33333,2,1,25,0,2,25,1
HybridRV_994,249-204-75-96-106-204-204-125,40,12,28,2.5,4,4,4.6875,0,5,62.5,1
HybridRV_494,85-102-190-204-250-204-204-204,24,8,16,1.66667,2,3,3.125,0,4,50,1
HybridRV_594,129-71-204-204-204-204-204-204,64,32,32,1.5,2,3,12.5,0,2,25,1
HybridRV_894,204-40-204-129-204-249-210-36,50,14,36,3.28,6,3,5.46875,0,5,62.5,1
HybridRV_194,116-20-204-204-160-204-225-204,48,32,16,1.33333,2,2,12.5,0,4,50,1
HybridRV_694,184-6-204-126-75-60-204-225,40,8,32,1.8,2,4,3.125,0,6,75,1
HybridRV_394,204-204-6-120-204-111-249-204,56,14,42,2.28571,3,2,5.46875,0,4,50,1
HybridRV_94,204-130-225-204-204-204-204-204,144,64,80,1.77778,3,2,25,0,2,25,1
HybridRV_294,66-111-0-116-204-36-204-204,32,0,32,2,2,2,0,0,5,62.5,1
HybridRV_795,160-5-40-215-204-204-75-159,28,2,26,2.85714,3,3,0.78125,0,6,75,1
HybridRV_995,204-169-210-204-204-204-204-204,128,80,48,1.625,3,2,31.25,0,2,25,1
HybridRV_495,160-204-71-204-204-130-204-166,48,24,24,1.5,2,1,9.375,0,4,50,1
HybridRV_595,204-111-225-204-175-204-204-204,64,40,24,1.75,3,2,15.625,0,3,37.5,1
HybridRV_895,204-204-85-184-231-36-204-204,24,8,16,1.66667,2,7,3.125,0,4,50,1
HybridRV_195,180-204-86-249-111-204-204-245,46,10,36,2.3913,4,4,3.90625,0,5,62.5,1
HybridRV_695,204-204-245-204-204-195-101-204,80,32,48,1.6,2,2,12.5,0,3,37.5,1
HybridRV_395,204-30-204-204-170-139-45-135,68,0,68,9.05882,14,2,0,0,5,62.5,1
HybridRV_95,159-204-130-150-204-169-204-149,36,1,35,2.72222,6,3,0.390625,0,5,62.5,1
HybridRV_295,116-209-204-10-204-204-204-204,64,32,32,1.5,2,2,12.5,0,3,37.5,1
HybridRV_796,30-240-204-80-71-215-85-204,17,6,11,1.64706,2,4,2.34375,0,6,75,1
HybridRV_996,204-204-204-60-225-204-204-204,128,64,64,1.75,4,1,25,0,2,25,1
HybridRV_496,204-204-209-204-46-96-204-204,92,40,52,1.56522,2,3,15.625,0,3,37.5,1
HybridRV_596,204-204-85-204-24-80-139-90,32,8,24,1.75,2,3,3.125,0,5,62.5,1
HybridRV_896,204-204-204-204-204-215-71-204,128,96,32,1.25,2,3,37.5,0,2,25,1
HybridRV_196,135-153-204-6-71-240-36-204,34,0,34,4.76471,6,4,0,0,6,75,1
HybridRV_696,46-144-125-204-204-96-126-204,50,24,26,1.84,3,3,9.375,0,5,62.5,1
HybridRV_396,195-204-204-204-204-189-6-160,56,0,56,2,2,2,0,0,4,50,1
HybridRV_96,105-204-204-66-204-169-5-36,98,8,90,3.28571,6,1,3.125,0,5,62.5,1
HybridRV_296,219-204-204-204-204-215-204-204,112,32,80,1.71429,2,1,12.5,0,2,25,1
HybridRV_797,250-126-204-80-166-245-204-204,60,4,56,3.33333,6,2,1.5625,0,5,62.5,1
HybridRV_997,204-240-204-204-45-204-204-10,48,32,16,1.33333,2,1,12.5,0,3,37.5,1
HybridRV_497,204-204-204-215-45-204-235-204,104,24,80,2.03846,3,2,9.375,0,3,37.5,1
HybridRV_597,245-204-204-60-102-255-175-129,48,0,48,6,6,2,0,0,6,75,1
HybridRV_897,75-204-204-135-204-204-204-204,112,32,80,1.71429,2,1,12.5,0,2,25,1
HybridRV_197,204-116-204-204-175-204-180-204,72,32,40,1.55556,2,1,12.5,0,3,37.5,1
HybridRV_697,204-204-204-204-189-153-149-175,80,8,72,3.7,5,4,3.125,0,4,50,1
HybridRV_397,190-204-15-144-204-105-204-184,48,10,38,1.79167,2,2,3.90625,0,5,62.5,1
HybridRV_97,204-24-129-204-204-215-204-29,56,4,52,1.92857,2,2,1.5625,0,4,50,1
HybridRV_297,204-204-204-20-204-190-204-204,128,64,64,1.5,2,1,25,0,2,25,1
HybridRV_798,226-209-75-204-6-175-184-204,24,1,23,3.95833,6,3,0.390625,0,6,75,1
HybridRV_998,29-166-204-204-204-116-204-204,68,48,20,1.29412,2,2,18.75,0,3,37.5,1
HybridRV_498,204-235-75-204-204-175-204-65,56,16,40,2.78571,6,3,6.25,0,4,50,1
HybridRV_598,219-45-204-204-250-159-204-29,59,0,59,5.08475,6,3,0,0,5,62.5,1
HybridRV_898,10-204-120-226-226-204-46-116,26,9,17,2.69231,6,5,3.51562,0,6,75,1
HybridRV_198,204-204-204-20-46-204-204-139,96,24,72,1.75,2,3,9.375,0,3,37.5,1
HybridRV_698,204-159-204-204-106-225-219-175,37,8,29,3.13514,6,6,3.125,0,5,62.5,1
HybridRV_398,245-36-20-204-204-255-111-209,18,0,18,3,3,5,0,0,6,75,1
HybridRV_98,204-126-204-204-204-219-126-204,80,32,48,2,6,3,12.5,0,3,37.5,1
HybridRV_298,190-215-149-204-195-29-204-204,40,16,24,1.6,2,3,6.25,0,5,62.5,1
HybridRV_799,204-204-204-210-204-204-204-86,128,96,32,1.25,2,1,37.5,0,2,25,1
HybridRV_999,255-204-204-36-204-75-204-204,72,24,48,1.66667,2,1,9.375,0,3,37.5,1
HybridRV_499,120-204-6-204-204-204-150-175,128,24,104,3.125,6,1,9.375,0,4,50,1
HybridRV_599,204-204-204-30-249-204-204-204,96,64,32,1.66667,3,3,25,0,2,25,1
HybridRV_899,204-204-204-120-10-204-204-204,96,64,32,1.33333,2,3,25,0,2,25,1
HybridRV_199,111-204-195-170-125-219-204-166,44,4,40,3.95455,6,3,1.5625,0,6,75,1
HybridRV_699,149-116-105-204-204-20-204-210,48,4,44,3.66667,6,3,1.5625,0,5,62.5,1
HybridRV_399,204-169-204-60-204-204-204-204,128,32,96,1.75,2,1,12.5,0,2,25,1
HybridRV_99,204-29-86-204-40-225-89-250,48,4,44,5.10417,10,4,1.5625,0,6,75,1
HybridRV_299,240-204-170-204-204-204-204-204,64,64,0,1,1,1,25,0,2,25,0
